Date,Sample Name,VialNo,Meas Mode,Peak Scale,Inj#,Max Inj#,Inj. Counts,Ave. Conc,Unit,Ave. Area,SD(Conc),CV(Conc),SD(Area),CV(Area),TOC（TC-IC)
2022/9/30 17:8:36,4               ,43,IC,200,2,3,2,4.893617,mg/L,7.685000,0.031028,0.634047,0.087600,1.140940,-4.946743
Injection #,Start ID,End ID,Data Counts,Conc,Area,Remark,Inj. Vol.,Dil. Factor,Ex.,Cal#
1,0,114,115,4.915557,7.747000,,50,1.000000,,IC1
2,115,229,115,4.871677,7.623000,,50,1.000000,,IC1
ID,Peak Data
0,   0.029
1,   0.005
2,  -0.002
3,   0.011
4,   0.016
5,   0.008
6,   0.012
7,   0.009
8,   0.005
9,  -0.004
10,   0.002
11,  -0.008
12,   0.024
13,   0.097
14,   0.308
15,   0.685
16,   1.295
17,   2.170
18,   3.173
19,   4.219
20,   5.189
21,   5.996
22,   6.549
23,   6.816
24,   6.840
25,   6.691
26,   6.285
27,   5.595
28,   4.811
29,   4.000
30,   3.188
31,   2.490
32,   1.915
33,   1.429
34,   1.054
35,   0.770
36,   0.570
37,   0.420
38,   0.324
39,   0.273
40,   0.207
41,   0.167
42,   0.141
43,   0.119
44,   0.090
45,   0.057
46,   0.076
47,   0.079
48,   0.071
49,   0.064
50,   0.061
51,   0.058
52,   0.067
53,   0.053
54,   0.047
55,   0.039
56,   0.035
57,   0.029
58,   0.030
59,   0.030
60,   0.035
61,   0.035
62,   0.038
63,   0.027
64,   0.016
65,   0.020
66,   0.038
67,   0.019
68,   0.041
69,   0.027
70,   0.041
71,   0.032
72,   0.012
73,   0.033
74,   0.026
75,   0.015
76,   0.011
77,   0.004
78,   0.016
79,   0.028
80,   0.035
81,   0.007
82,  -0.002
83,   0.026
84,   0.026
85,   0.017
86,   0.011
87,   0.039
88,   0.033
89,   0.036
90,   0.034
91,   0.022
92,   0.017
93,   0.026
94,   0.026
95,   0.011
96,  -0.008
97,   0.003
98,   0.003
99,   0.004
100,  -0.008
101,  -0.002
102,  -0.007
103,  -0.007
104,   0.024
105,   0.032
106,  -0.002
107,  -0.010
108,  -0.014
109,   0.013
110,   0.002
111,  -0.020
112,  -0.004
113,  -0.005
114,  -0.008
115,   0.019
116,   0.007
117,   0.020
118,   0.015
119,   0.024
120,   0.020
121,   0.013
122,   0.013
123,   0.005
124,   0.003
125,   0.019
126,   0.018
127,   0.029
128,   0.093
129,   0.296
130,   0.699
131,   1.318
132,   2.172
133,   3.164
134,   4.190
135,   5.156
136,   5.941
137,   6.476
138,   6.683
139,   6.693
140,   6.566
141,   6.087
142,   5.448
143,   4.681
144,   3.868
145,   3.063
146,   2.384
147,   1.824
148,   1.371
149,   1.029
150,   0.744
151,   0.552
152,   0.412
153,   0.318
154,   0.254
155,   0.207
156,   0.184
157,   0.162
158,   0.135
159,   0.147
160,   0.127
161,   0.103
162,   0.079
163,   0.080
164,   0.066
165,   0.045
166,   0.054
167,   0.054
168,   0.056
169,   0.069
170,   0.060
171,   0.064
172,   0.038
173,   0.044
174,   0.042
175,   0.041
176,   0.039
177,   0.046
178,   0.044
179,   0.033
180,   0.032
181,   0.024
182,   0.030
183,   0.022
184,   0.026
185,   0.042
186,   0.045
187,   0.038
188,   0.020
189,   0.010
190,   0.023
191,   0.026
192,   0.013
193,   0.026
194,   0.021
195,   0.023
196,   0.011
197,   0.015
198,   0.006
199,   0.015
200,   0.004
201,   0.002
202,   0.013
203,   0.025
204,   0.016
205,   0.026
206,   0.041
207,   0.018
208,   0.027
209,   0.022
210,   0.024
211,   0.029
212,   0.011
213,   0.010
214,   0.034
215,   0.017
216,   0.008
217,   0.021
218,   0.013
219,   0.005
220,   0.009
221,  -0.008
222,   0.009
223,  -0.009
224,   0.015
225,   0.032
226,   0.015
227,   0.011
228,   0.011
229,   0.003
Date,Sample Name,VialNo,Meas Mode,Peak Scale,Inj#,Max Inj#,Inj. Counts,Ave. Conc,Unit,Ave. Area,SD(Conc),CV(Conc),SD(Area),CV(Area)
2022/9/30 17:25:42,4               ,44,TC,200,3,3,3,-0.042711,mg/L,0.556400,0.007607,17.809217,0.015500,2.795893
Injection #,Start ID,End ID,Data Counts,Conc,Area,Remark,Inj. Vol.,Dil. Factor,Ex.,Cal#
1,0,114,115,-0.154294,0.328200,,50,1.000000,E,TC3
2,115,229,115,-0.048090,0.545400,,50,1.000000,,TC3
3,230,344,115,-0.037333,0.567400,,50,1.000000,,TC3
ID,Peak Data
0,   0.020
1,   0.022
2,   0.030
3,   0.033
4,   0.043
5,   0.021
6,   0.047
7,   0.049
8,   0.035
9,   0.035
10,   0.047
11,   0.024
12,   0.040
13,   0.026
14,   0.038
15,   0.039
16,   0.046
17,   0.028
18,   0.042
19,   0.039
20,   0.055
21,   0.060
22,   0.067
23,   0.073
24,   0.098
25,   0.151
26,   0.163
27,   0.206
28,   0.215
29,   0.241
30,   0.248
31,   0.258
32,   0.243
33,   0.240
34,   0.226
35,   0.238
36,   0.223
37,   0.201
38,   0.197
39,   0.154
40,   0.146
41,   0.122
42,   0.095
43,   0.091
44,   0.090
45,   0.103
46,   0.093
47,   0.049
48,   0.027
49,   0.042
50,   0.055
51,   0.038
52,   0.041
53,   0.031
54,   0.040
55,   0.027
56,   0.027
57,   0.032
58,   0.045
59,   0.029
60,   0.011
61,   0.032
62,   0.049
63,   0.047
64,   0.064
65,   0.054
66,   0.051
67,   0.038
68,   0.048
69,   0.049
70,   0.044
71,   0.046
72,   0.056
73,   0.055
74,   0.055
75,   0.060
76,   0.055
77,   0.036
78,   0.049
79,   0.044
80,   0.038
81,   0.030
82,   0.016
83,   0.022
84,   0.025
85,   0.040
86,   0.046
87,   0.036
88,   0.041
89,   0.019
90,   0.033
91,   0.041
92,   0.041
93,   0.037
94,   0.045
95,   0.040
96,   0.027
97,   0.025
98,   0.021
99,   0.018
100,   0.021
101,   0.018
102,   0.023
103,   0.015
104,   0.008
105,   0.006
106,   0.033
107,   0.041
108,   0.041
109,   0.044
110,   0.041
111,   0.020
112,   0.014
113,   0.005
114,   0.002
115,   0.026
116,   0.023
117,   0.008
118,   0.023
119,   0.033
120,   0.014
121,   0.010
122,   0.017
123,   0.004
124,   0.014
125,  -0.011
126,  -0.005
127,   0.019
128,   0.011
129,   0.015
130,   0.015
131,   0.013
132,   0.004
133,   0.022
134,   0.021
135,   0.033
136,   0.063
137,   0.084
138,   0.139
139,   0.157
140,   0.219
141,   0.249
142,   0.258
143,   0.309
144,   0.347
145,   0.368
146,   0.359
147,   0.354
148,   0.334
149,   0.318
150,   0.302
151,   0.272
152,   0.244
153,   0.216
154,   0.195
155,   0.184
156,   0.148
157,   0.132
158,   0.111
159,   0.101
160,   0.084
161,   0.064
162,   0.069
163,   0.063
164,   0.053
165,   0.060
166,   0.051
167,   0.048
168,   0.056
169,   0.051
170,   0.046
171,   0.033
172,   0.035
173,   0.041
174,   0.044
175,   0.064
176,   0.055
177,   0.035
178,   0.045
179,   0.040
180,   0.055
181,   0.061
182,   0.054
183,   0.039
184,   0.032
185,   0.021
186,   0.020
187,   0.024
188,   0.023
189,   0.018
190,   0.012
191,   0.018
192,   0.027
193,   0.013
194,   0.027
195,   0.029
196,   0.023
197,   0.002
198,  -0.007
199,   0.014
200,   0.015
201,   0.011
202,   0.009
203,   0.007
204,  -0.003
205,  -0.004
206,   0.004
207,   0.002
208,   0.015
209,   0.029
210,   0.014
211,   0.030
212,   0.030
213,   0.001
214,   0.010
215,   0.005
216,   0.011
217,   0.007
218,   0.007
219,   0.004
220,  -0.009
221,   0.008
222,   0.020
223,   0.014
224,   0.017
225,   0.014
226,   0.008
227,   0.005
228,   0.001
229,  -0.003
230,   0.004
231,   0.015
232,   0.017
233,   0.018
234,   0.021
235,   0.035
236,   0.019
237,   0.002
238,   0.007
239,  -0.001
240,   0.005
241,   0.007
242,   0.013
243,   0.031
244,   0.008
245,  -0.002
246,  -0.007
247,   0.012
248,   0.015
249,   0.026
250,   0.045
251,   0.059
252,   0.076
253,   0.110
254,   0.163
255,   0.221
256,   0.246
257,   0.256
258,   0.309
259,   0.321
260,   0.339
261,   0.322
262,   0.336
263,   0.312
264,   0.328
265,   0.310
266,   0.299
267,   0.284
268,   0.250
269,   0.194
270,   0.170
271,   0.175
272,   0.154
273,   0.132
274,   0.095
275,   0.093
276,   0.068
277,   0.085
278,   0.060
279,   0.054
280,   0.049
281,   0.064
282,   0.072
283,   0.048
284,   0.044
285,   0.039
286,   0.038
287,   0.021
288,   0.020
289,   0.010
290,   0.000
291,   0.002
292,   0.008
293,   0.002
294,   0.001
295,   0.007
296,   0.015
297,   0.021
298,   0.038
299,   0.005
300,   0.011
301,   0.011
302,   0.039
303,   0.019
304,   0.005
305,   0.003
306,   0.018
307,   0.015
308,   0.017
309,   0.020
310,   0.017
311,   0.015
312,   0.012
313,   0.030
314,   0.024
315,   0.024
316,   0.026
317,   0.024
318,   0.013
319,   0.020
320,   0.011
321,   0.008
322,   0.017
323,   0.019
324,   0.015
325,   0.000
326,  -0.004
327,  -0.002
328,  -0.003
329,   0.006
330,   0.012
331,   0.024
332,   0.023
333,  -0.010
334,  -0.019
335,   0.009
336,   0.002
337,  -0.008
338,  -0.004
339,  -0.001
340,  -0.007
341,   0.004
342,   0.010
343,   0.011
344,  -0.002
Date,Sample Name,VialNo,Meas Mode,Peak Scale,Inj#,Max Inj#,Inj. Counts,Ave. Conc,Unit,Ave. Area,SD(Conc),CV(Conc),SD(Area),CV(Area),TOC（TC-IC)
2022/9/30 17:25:42,4               ,44,IC,200,2,3,2,4.912903,mg/L,7.739500,0.021770,0.443113,0.061500,0.794861,-4.955614
Injection #,Start ID,End ID,Data Counts,Conc,Area,Remark,Inj. Vol.,Dil. Factor,Ex.,Cal#
1,0,114,115,4.928297,7.783000,,50,1.000000,,IC1
2,115,229,115,4.897510,7.696000,,50,1.000000,,IC1
ID,Peak Data
0,   0.013
1,   0.015
2,   0.013
3,   0.007
4,   0.011
5,   0.002
6,   0.002
7,   0.001
8,   0.004
9,  -0.002
10,  -0.001
11,  -0.003
12,   0.010
13,   0.084
14,   0.306
15,   0.725
16,   1.416
17,   2.291
18,   3.312
19,   4.391
20,   5.371
21,   6.209
22,   6.738
23,   6.951
24,   6.949
25,   6.785
26,   6.316
27,   5.633
28,   4.815
29,   3.964
30,   3.161
31,   2.431
32,   1.853
33,   1.375
34,   1.021
35,   0.755
36,   0.556
37,   0.422
38,   0.331
39,   0.256
40,   0.209
41,   0.191
42,   0.144
43,   0.135
44,   0.098
45,   0.101
46,   0.083
47,   0.060
48,   0.065
49,   0.075
50,   0.056
51,   0.058
52,   0.068
53,   0.075
54,   0.065
55,   0.058
56,   0.051
57,   0.064
58,   0.037
59,   0.023
60,   0.048
61,   0.041
62,   0.023
63,   0.039
64,   0.032
65,   0.038
66,   0.023
67,   0.015
68,   0.028
69,   0.028
70,   0.017
71,   0.029
72,   0.023
73,   0.008
74,   0.009
75,   0.015
76,   0.009
77,   0.009
78,   0.020
79,   0.019
80,   0.014
81,   0.025
82,   0.022
83,   0.009
84,   0.006
85,   0.001
86,   0.000
87,   0.002
88,   0.015
89,   0.010
90,  -0.001
91,   0.008
92,   0.011
93,   0.002
94,   0.013
95,   0.014
96,   0.008
97,   0.021
98,   0.016
99,  -0.017
100,  -0.015
101,  -0.007
102,   0.006
103,   0.003
104,  -0.005
105,   0.005
106,  -0.002
107,   0.013
108,   0.003
109,  -0.005
110,   0.011
111,   0.005
112,   0.010
113,   0.010
114,   0.024
115,   0.019
116,  -0.007
117,   0.004
118,   0.011
119,   0.020
120,   0.023
121,   0.032
122,   0.008
123,   0.005
124,   0.004
125,   0.000
126,   0.000
127,   0.012
128,   0.063
129,   0.240
130,   0.558
131,   1.119
132,   1.938
133,   2.894
134,   3.933
135,   4.962
136,   5.835
137,   6.434
138,   6.753
139,   6.787
140,   6.699
141,   6.368
142,   5.731
143,   4.979
144,   4.147
145,   3.335
146,   2.629
147,   1.990
148,   1.492
149,   1.131
150,   0.826
151,   0.598
152,   0.461
153,   0.334
154,   0.296
155,   0.243
156,   0.187
157,   0.153
158,   0.124
159,   0.132
160,   0.111
161,   0.116
162,   0.097
163,   0.092
164,   0.080
165,   0.064
166,   0.060
167,   0.073
168,   0.070
169,   0.061
170,   0.057
171,   0.055
172,   0.051
173,   0.053
174,   0.046
175,   0.050
176,   0.038
177,   0.047
178,   0.058
179,   0.051
180,   0.047
181,   0.044
182,   0.041
183,   0.044
184,   0.049
185,   0.044
186,   0.035
187,   0.038
188,   0.053
189,   0.035
190,   0.031
191,   0.032
192,   0.037
193,   0.037
194,   0.032
195,  -0.003
196,   0.017
197,   0.046
198,   0.045
199,   0.050
200,   0.047
201,   0.057
202,   0.043
203,   0.030
204,   0.019
205,   0.015
206,   0.011
207,   0.012
208,   0.015
209,   0.023
210,   0.016
211,   0.018
212,   0.023
213,   0.039
214,   0.027
215,   0.029
216,   0.031
217,   0.030
218,   0.039
219,   0.032
220,   0.007
221,   0.002
222,   0.024
223,   0.033
224,   0.016
225,   0.021
226,   0.037
227,   0.034
228,   0.014
229,   0.031
Date,Sample Name,VialNo,Meas Mode,Peak Scale,Inj#,Max Inj#,Inj. Counts,Ave. Conc,Unit,Ave. Area,SD(Conc),CV(Conc),SD(Area),CV(Area)
2022/9/30 17:43:31,4               ,45,TC,200,2,3,2,-0.038873,mg/L,0.564200,0.030807,79.249336,0.063000,11.165833
Injection #,Start ID,End ID,Data Counts,Conc,Area,Remark,Inj. Vol.,Dil. Factor,Ex.,Cal#
1,0,114,115,-0.060656,0.519700,,50,1.000000,,TC3
2,115,229,115,-0.017089,0.608800,,50,1.000000,,TC3
ID,Peak Data
0,   0.036
1,   0.041
2,   0.042
3,   0.032
4,   0.027
5,   0.033
6,   0.035
7,   0.027
8,   0.035
9,   0.030
10,   0.022
11,   0.007
12,   0.017
13,   0.041
14,   0.054
15,   0.037
16,   0.029
17,   0.038
18,   0.024
19,   0.035
20,   0.048
21,   0.101
22,   0.124
23,   0.155
24,   0.197
25,   0.224
26,   0.265
27,   0.312
28,   0.346
29,   0.353
30,   0.372
31,   0.378
32,   0.378
33,   0.373
34,   0.340
35,   0.328
36,   0.305
37,   0.290
38,   0.234
39,   0.228
40,   0.221
41,   0.185
42,   0.156
43,   0.114
44,   0.104
45,   0.089
46,   0.094
47,   0.070
48,   0.082
49,   0.059
50,   0.048
51,   0.066
52,   0.053
53,   0.045
54,   0.032
55,   0.038
56,   0.024
57,   0.017
58,   0.001
59,   0.004
60,   0.015
61,   0.014
62,   0.020
63,   0.026
64,   0.024
65,   0.027
66,   0.033
67,   0.030
68,   0.030
69,   0.030
70,   0.024
71,   0.036
72,   0.031
73,   0.038
74,   0.007
75,  -0.004
76,   0.030
77,   0.018
78,   0.018
79,   0.022
80,   0.015
81,   0.017
82,   0.020
83,   0.020
84,   0.010
85,   0.028
86,   0.027
87,   0.004
88,   0.009
89,   0.002
90,   0.008
91,   0.007
92,   0.014
93,   0.008
94,  -0.002
95,  -0.003
96,  -0.001
97,   0.017
98,   0.013
99,   0.013
100,   0.003
101,   0.004
102,   0.000
103,   0.020
104,   0.030
105,   0.037
106,   0.040
107,   0.024
108,   0.013
109,   0.028
110,   0.043
111,   0.017
112,   0.023
113,   0.041
114,   0.042
115,   0.015
116,   0.030
117,   0.025
118,   0.025
119,   0.017
120,   0.023
121,   0.013
122,   0.010
123,   0.002
124,   0.013
125,   0.024
126,   0.027
127,   0.044
128,   0.039
129,   0.042
130,   0.021
131,   0.026
132,   0.027
133,   0.025
134,   0.032
135,   0.049
136,   0.086
137,   0.118
138,   0.141
139,   0.194
140,   0.240
141,   0.291
142,   0.327
143,   0.368
144,   0.387
145,   0.385
146,   0.409
147,   0.409
148,   0.373
149,   0.373
150,   0.342
151,   0.328
152,   0.296
153,   0.264
154,   0.234
155,   0.209
156,   0.181
157,   0.151
158,   0.143
159,   0.120
160,   0.107
161,   0.097
162,   0.094
163,   0.103
164,   0.086
165,   0.081
166,   0.095
167,   0.101
168,   0.078
169,   0.058
170,   0.060
171,   0.066
172,   0.060
173,   0.041
174,   0.061
175,   0.064
176,   0.046
177,   0.045
178,   0.047
179,   0.042
180,   0.044
181,   0.032
182,   0.044
183,   0.054
184,   0.047
185,   0.044
186,   0.047
187,   0.054
188,   0.045
189,   0.050
190,   0.048
191,   0.040
192,   0.041
193,   0.049
194,   0.052
195,   0.029
196,   0.043
197,   0.041
198,   0.027
199,   0.020
200,   0.033
201,   0.044
202,   0.042
203,   0.017
204,   0.021
205,   0.029
206,   0.026
207,   0.033
208,   0.039
209,   0.043
210,   0.035
211,   0.035
212,   0.037
213,   0.025
214,   0.048
215,   0.051
216,   0.054
217,   0.051
218,   0.046
219,   0.050
220,   0.041
221,   0.046
222,   0.050
223,   0.048
224,   0.048
225,   0.051
226,   0.052
227,   0.046
228,   0.027
229,   0.030
Date,Sample Name,VialNo,Meas Mode,Peak Scale,Inj#,Max Inj#,Inj. Counts,Ave. Conc,Unit,Ave. Area,SD(Conc),CV(Conc),SD(Area),CV(Area),TOC（TC-IC)
2022/9/30 17:43:31,4               ,45,IC,200,3,3,3,4.899633,mg/L,7.702000,0.012511,0.255350,0.035300,0.459041,-4.938506
Injection #,Start ID,End ID,Data Counts,Conc,Area,Remark,Inj. Vol.,Dil. Factor,Ex.,Cal#
1,0,114,115,4.999071,7.983000,,50,1.000000,E,IC1
2,115,229,115,4.908480,7.727000,,50,1.000000,,IC1
3,230,344,115,4.890786,7.677000,,50,1.000000,,IC1
ID,Peak Data
0,   0.006
1,   0.021
2,   0.024
3,   0.012
4,   0.004
5,  -0.005
6,   0.011
7,   0.011
8,   0.014
9,   0.010
10,   0.001
11,  -0.008
12,   0.041
13,   0.122
14,   0.358
15,   0.797
16,   1.485
17,   2.387
18,   3.449
19,   4.526
20,   5.536
21,   6.333
22,   6.863
23,   7.039
24,   7.044
25,   6.861
26,   6.385
27,   5.676
28,   4.883
29,   4.013
30,   3.192
31,   2.493
32,   1.911
33,   1.423
34,   1.051
35,   0.771
36,   0.580
37,   0.444
38,   0.351
39,   0.281
40,   0.215
41,   0.181
42,   0.179
43,   0.151
44,   0.150
45,   0.116
46,   0.110
47,   0.091
48,   0.069
49,   0.069
50,   0.086
51,   0.077
52,   0.073
53,   0.081
54,   0.087
55,   0.077
56,   0.063
57,   0.052
58,   0.050
59,   0.045
60,   0.032
61,   0.036
62,   0.029
63,   0.021
64,   0.001
65,   0.024
66,   0.033
67,   0.044
68,   0.045
69,   0.048
70,   0.052
71,   0.046
72,   0.048
73,   0.051
74,   0.054
75,   0.046
76,   0.021
77,   0.030
78,   0.026
79,   0.030
80,   0.037
81,   0.036
82,   0.045
83,   0.035
84,   0.020
85,   0.033
86,   0.007
87,   0.004
88,   0.013
89,   0.024
90,   0.033
91,   0.014
92,   0.013
93,   0.034
94,   0.030
95,   0.046
96,   0.042
97,   0.023
98,   0.016
99,   0.023
100,   0.035
101,   0.042
102,   0.026
103,   0.032
104,   0.026
105,   0.037
106,   0.038
107,   0.007
108,   0.030
109,   0.041
110,   0.042
111,   0.041
112,   0.039
113,   0.037
114,   0.027
115,   0.021
116,   0.014
117,   0.018
118,   0.038
119,   0.029
120,   0.013
121,   0.010
122,  -0.001
123,  -0.010
124,  -0.018
125,  -0.025
126,  -0.024
127,   0.000
128,   0.062
129,   0.241
130,   0.575
131,   1.172
132,   2.002
133,   2.988
134,   4.053
135,   5.071
136,   5.928
137,   6.540
138,   6.829
139,   6.865
140,   6.776
141,   6.388
142,   5.752
143,   4.965
144,   4.124
145,   3.313
146,   2.590
147,   1.964
148,   1.460
149,   1.084
150,   0.824
151,   0.627
152,   0.466
153,   0.340
154,   0.257
155,   0.209
156,   0.178
157,   0.163
158,   0.123
159,   0.097
160,   0.089
161,   0.099
162,   0.100
163,   0.082
164,   0.092
165,   0.100
166,   0.077
167,   0.063
168,   0.035
169,   0.046
170,   0.058
171,   0.039
172,   0.036
173,   0.049
174,   0.045
175,   0.048
176,   0.043
177,   0.046
178,   0.066
179,   0.073
180,   0.049
181,   0.043
182,   0.061
183,   0.067
184,   0.037
185,   0.047
186,   0.040
187,   0.042
188,   0.055
189,   0.054
190,   0.048
191,   0.044
192,   0.058
193,   0.061
194,   0.038
195,   0.042
196,   0.050
197,   0.042
198,   0.067
199,   0.046
200,   0.047
201,   0.052
202,   0.044
203,   0.046
204,   0.046
205,   0.042
206,   0.044
207,   0.039
208,   0.048
209,   0.039
210,   0.042
211,   0.028
212,   0.024
213,   0.023
214,   0.020
215,   0.013
216,   0.018
217,   0.043
218,   0.030
219,   0.014
220,   0.020
221,   0.014
222,   0.007
223,   0.009
224,   0.015
225,   0.021
226,   0.017
227,   0.029
228,   0.033
229,   0.038
230,   0.007
231,  -0.004
232,  -0.012
233,  -0.008
234,  -0.008
235,   0.008
236,   0.007
237,  -0.004
238,  -0.021
239,  -0.028
240,  -0.026
241,  -0.034
242,  -0.026
243,   0.031
244,   0.190
245,   0.480
246,   1.018
247,   1.780
248,   2.736
249,   3.792
250,   4.829
251,   5.695
252,   6.366
253,   6.756
254,   6.816
255,   6.751
256,   6.439
257,   5.850
258,   5.111
259,   4.274
260,   3.449
261,   2.701
262,   2.071
263,   1.543
264,   1.128
265,   0.820
266,   0.631
267,   0.499
268,   0.394
269,   0.277
270,   0.200
271,   0.172
272,   0.128
273,   0.105
274,   0.089
275,   0.094
276,   0.082
277,   0.055
278,   0.074
279,   0.080
280,   0.053
281,   0.057
282,   0.047
283,   0.049
284,   0.054
285,   0.055
286,   0.070
287,   0.060
288,   0.063
289,   0.048
290,   0.039
291,   0.046
292,   0.044
293,   0.041
294,   0.031
295,   0.045
296,   0.057
297,   0.044
298,   0.046
299,   0.061
300,   0.063
301,   0.040
302,   0.027
303,   0.039
304,   0.036
305,   0.023
306,   0.008
307,   0.018
308,   0.026
309,   0.009
310,   0.013
311,   0.036
312,   0.036
313,   0.013
314,   0.002
315,   0.004
316,   0.030
317,   0.018
318,  -0.004
319,   0.014
320,  -0.007
321,   0.004
322,   0.015
323,   0.015
324,   0.011
325,   0.040
326,   0.045
327,   0.007
328,   0.021
329,   0.036
330,   0.047
331,   0.035
332,   0.038
333,   0.041
334,   0.041
335,   0.049
336,   0.032
337,   0.026
338,   0.015
339,   0.024
340,   0.033
341,   0.019
342,   0.015
343,   0.032
344,   0.028
Date,Sample Name,VialNo,Meas Mode,Peak Scale,Inj#,Max Inj#,Inj. Counts,Ave. Conc,Unit,Ave. Area,SD(Conc),CV(Conc),SD(Area),CV(Area)
2022/9/30 18:1:13,4               ,46,TC,200,2,3,2,-0.005012,mg/L,0.633500,0.030772,613.975708,0.062900,9.934096
Injection #,Start ID,End ID,Data Counts,Conc,Area,Remark,Inj. Vol.,Dil. Factor,Ex.,Cal#
1,0,114,115,0.016747,0.678000,,50,1.000000,,TC3
2,115,229,115,-0.026771,0.589000,,50,1.000000,,TC3
ID,Peak Data
0,   0.008
1,   0.006
2,  -0.013
3,  -0.017
4,  -0.015
5,  -0.018
6,  -0.015
7,  -0.023
8,  -0.011
9,   0.006
10,   0.007
11,  -0.001
12,   0.003
13,  -0.002
14,  -0.020
15,  -0.015
16,   0.001
17,   0.004
18,   0.018
19,   0.021
20,   0.037
21,   0.077
22,   0.110
23,   0.179
24,   0.222
25,   0.260
26,   0.319
27,   0.361
28,   0.384
29,   0.408
30,   0.432
31,   0.409
32,   0.389
33,   0.366
34,   0.361
35,   0.339
36,   0.299
37,   0.280
38,   0.259
39,   0.245
40,   0.197
41,   0.152
42,   0.144
43,   0.129
44,   0.097
45,   0.092
46,   0.077
47,   0.063
48,   0.042
49,   0.043
50,   0.044
51,   0.027
52,   0.026
53,   0.005
54,   0.011
55,   0.046
56,   0.041
57,   0.015
58,   0.029
59,   0.030
60,   0.030
61,   0.022
62,   0.031
63,   0.008
64,   0.007
65,   0.014
66,   0.005
67,   0.017
68,   0.015
69,   0.004
70,   0.004
71,   0.011
72,   0.007
73,   0.002
74,  -0.001
75,   0.001
76,  -0.007
77,   0.024
78,   0.030
79,   0.024
80,   0.010
81,  -0.001
82,   0.013
83,   0.003
84,   0.007
85,  -0.005
86,  -0.004
87,  -0.009
88,   0.001
89,  -0.001
90,  -0.003
91,  -0.003
92,   0.002
93,   0.002
94,   0.002
95,  -0.011
96,  -0.004
97,  -0.009
98,  -0.002
99,  -0.010
100,  -0.014
101,   0.006
102,   0.000
103,   0.011
104,   0.036
105,   0.012
106,   0.003
107,  -0.012
108,   0.003
109,   0.006
110,   0.013
111,   0.016
112,   0.021
113,   0.023
114,   0.011
115,  -0.005
116,   0.001
117,   0.010
118,   0.010
119,   0.008
120,   0.032
121,   0.035
122,   0.012
123,   0.000
124,  -0.018
125,  -0.012
126,  -0.005
127,  -0.001
128,   0.001
129,  -0.008
130,  -0.004
131,  -0.008
132,  -0.008
133,   0.006
134,   0.010
135,   0.030
136,   0.030
137,   0.056
138,   0.101
139,   0.169
140,   0.223
141,   0.267
142,   0.280
143,   0.331
144,   0.337
145,   0.352
146,   0.351
147,   0.350
148,   0.347
149,   0.323
150,   0.314
151,   0.298
152,   0.266
153,   0.240
154,   0.219
155,   0.193
156,   0.160
157,   0.157
158,   0.108
159,   0.103
160,   0.072
161,   0.056
162,   0.046
163,   0.051
164,   0.045
165,   0.041
166,   0.033
167,   0.040
168,   0.025
169,   0.039
170,   0.039
171,   0.026
172,   0.032
173,   0.032
174,   0.029
175,   0.051
176,   0.067
177,   0.011
178,   0.013
179,   0.022
180,   0.031
181,   0.031
182,   0.034
183,   0.028
184,   0.038
185,   0.041
186,   0.016
187,   0.020
188,   0.027
189,   0.006
190,   0.014
191,   0.017
192,   0.038
193,   0.035
194,   0.017
195,   0.032
196,   0.026
197,   0.015
198,   0.027
199,   0.041
200,   0.042
201,   0.029
202,   0.010
203,   0.012
204,   0.030
205,   0.020
206,   0.010
207,   0.011
208,  -0.005
209,   0.001
210,   0.007
211,   0.011
212,   0.003
213,   0.004
214,   0.008
215,   0.001
216,   0.023
217,   0.029
218,   0.020
219,   0.018
220,   0.014
221,   0.012
222,   0.019
223,   0.018
224,   0.006
225,   0.020
226,   0.010
227,   0.004
228,   0.026
229,   0.036
Date,Sample Name,VialNo,Meas Mode,Peak Scale,Inj#,Max Inj#,Inj. Counts,Ave. Conc,Unit,Ave. Area,SD(Conc),CV(Conc),SD(Area),CV(Area),TOC（TC-IC)
2022/9/30 18:1:13,4               ,46,IC,200,3,3,3,4.910957,mg/L,7.734000,0.007507,0.152859,0.021200,0.274285,-4.915969
Injection #,Start ID,End ID,Data Counts,Conc,Area,Remark,Inj. Vol.,Dil. Factor,Ex.,Cal#
1,0,114,115,5.080462,8.213000,,50,1.000000,E,IC1
2,115,229,115,4.916265,7.749000,,50,1.000000,,IC1
3,230,344,115,4.905649,7.719000,,50,1.000000,,IC1
ID,Peak Data
0,  -0.007
1,   0.002
2,  -0.002
3,  -0.003
4,  -0.006
5,  -0.038
6,  -0.025
7,  -0.020
8,  -0.031
9,  -0.029
10,  -0.017
11,  -0.004
12,   0.039
13,   0.160
14,   0.436
15,   0.969
16,   1.742
17,   2.711
18,   3.812
19,   4.937
20,   5.919
21,   6.671
22,   7.120
23,   7.244
24,   7.217
25,   6.942
26,   6.378
27,   5.612
28,   4.766
29,   3.862
30,   3.061
31,   2.357
32,   1.808
33,   1.360
34,   0.998
35,   0.739
36,   0.545
37,   0.421
38,   0.335
39,   0.266
40,   0.207
41,   0.162
42,   0.152
43,   0.127
44,   0.120
45,   0.100
46,   0.095
47,   0.104
48,   0.095
49,   0.097
50,   0.094
51,   0.085
52,   0.084
53,   0.088
54,   0.081
55,   0.076
56,   0.063
57,   0.075
58,   0.076
59,   0.067
60,   0.052
61,   0.063
62,   0.055
63,   0.045
64,   0.042
65,   0.038
66,   0.054
67,   0.063
68,   0.045
69,   0.030
70,   0.025
71,   0.020
72,   0.013
73,   0.033
74,   0.029
75,   0.021
76,   0.038
77,   0.029
78,   0.010
79,  -0.007
80,   0.005
81,   0.032
82,   0.027
83,   0.023
84,   0.053
85,   0.044
86,   0.012
87,   0.023
88,   0.024
89,   0.028
90,   0.046
91,   0.040
92,   0.010
93,   0.026
94,   0.045
95,   0.045
96,   0.037
97,   0.021
98,   0.033
99,   0.004
100,   0.024
101,   0.052
102,   0.052
103,   0.017
104,   0.010
105,   0.023
106,   0.008
107,   0.013
108,   0.020
109,   0.017
110,   0.026
111,   0.021
112,   0.009
113,  -0.005
114,   0.017
115,   0.014
116,   0.003
117,   0.012
118,   0.027
119,   0.038
120,   0.005
121,   0.030
122,   0.033
123,   0.015
124,  -0.007
125,   0.007
126,   0.015
127,   0.045
128,   0.165
129,   0.373
130,   0.790
131,   1.466
132,   2.378
133,   3.406
134,   4.460
135,   5.424
136,   6.211
137,   6.700
138,   6.869
139,   6.867
140,   6.669
141,   6.193
142,   5.505
143,   4.689
144,   3.867
145,   3.057
146,   2.363
147,   1.806
148,   1.330
149,   0.974
150,   0.736
151,   0.541
152,   0.393
153,   0.331
154,   0.236
155,   0.203
156,   0.191
157,   0.161
158,   0.152
159,   0.127
160,   0.122
161,   0.107
162,   0.110
163,   0.082
164,   0.097
165,   0.092
166,   0.061
167,   0.077
168,   0.098
169,   0.106
170,   0.076
171,   0.066
172,   0.072
173,   0.037
174,   0.045
175,   0.049
176,   0.061
177,   0.047
178,   0.047
179,   0.047
180,   0.040
181,   0.042
182,   0.030
183,   0.027
184,   0.013
185,   0.014
186,   0.015
187,   0.046
188,   0.044
189,   0.013
190,   0.029
191,   0.023
192,   0.038
193,   0.047
194,   0.048
195,   0.051
196,   0.024
197,   0.023
198,   0.024
199,   0.033
200,   0.015
201,   0.016
202,   0.013
203,   0.009
204,   0.040
205,   0.041
206,   0.013
207,   0.020
208,   0.026
209,   0.032
210,   0.024
211,   0.007
212,   0.023
213,   0.024
214,  -0.002
215,   0.014
216,   0.027
217,   0.008
218,   0.016
219,   0.015
220,  -0.008
221,   0.018
222,   0.007
223,   0.016
224,  -0.013
225,  -0.023
226,  -0.015
227,  -0.011
228,  -0.029
229,   0.005
230,   0.035
231,   0.030
232,   0.031
233,   0.036
234,   0.041
235,   0.015
236,   0.024
237,   0.030
238,   0.029
239,   0.033
240,   0.024
241,   0.023
242,   0.070
243,   0.139
244,   0.378
245,   0.792
246,   1.449
247,   2.328
248,   3.324
249,   4.407
250,   5.367
251,   6.160
252,   6.678
253,   6.870
254,   6.874
255,   6.675
256,   6.216
257,   5.509
258,   4.724
259,   3.872
260,   3.099
261,   2.396
262,   1.830
263,   1.374
264,   1.029
265,   0.765
266,   0.600
267,   0.455
268,   0.352
269,   0.293
270,   0.236
271,   0.207
272,   0.170
273,   0.147
274,   0.123
275,   0.128
276,   0.131
277,   0.126
278,   0.123
279,   0.122
280,   0.097
281,   0.116
282,   0.101
283,   0.089
284,   0.067
285,   0.060
286,   0.075
287,   0.069
288,   0.057
289,   0.052
290,   0.057
291,   0.054
292,   0.063
293,   0.052
294,   0.028
295,   0.055
296,   0.058
297,   0.060
298,   0.051
299,   0.028
300,   0.032
301,   0.018
302,   0.036
303,   0.043
304,   0.035
305,   0.029
306,   0.037
307,   0.032
308,   0.029
309,   0.029
310,   0.020
311,   0.020
312,   0.015
313,   0.017
314,   0.026
315,   0.031
316,   0.027
317,   0.038
318,   0.026
319,   0.028
320,   0.016
321,   0.016
322,   0.023
323,   0.023
324,   0.013
325,   0.011
326,  -0.002
327,   0.004
328,   0.009
329,   0.002
330,  -0.008
331,   0.012
332,   0.005
333,   0.011
334,   0.002
335,   0.036
336,   0.040
337,   0.015
338,   0.023
339,   0.006
340,   0.011
341,   0.026
342,   0.022
343,   0.009
344,   0.004
Date,Sample Name,VialNo,Meas Mode,Peak Scale,Inj#,Max Inj#,Inj. Counts,Ave. Conc,Unit,Ave. Area,SD(Conc),CV(Conc),SD(Area),CV(Area)
2022/9/30 18:21:4,4               ,47,TC,200,3,3,3,-0.060021,mg/L,0.521000,0.021367,35.600163,0.043600,8.387563
Injection #,Start ID,End ID,Data Counts,Conc,Area,Remark,Inj. Vol.,Dil. Factor,Ex.,Cal#
1,0,114,115,-0.075130,0.490100,,50,1.000000,,TC3
2,115,229,115,0.002323,0.648500,,50,1.000000,E,TC3
3,230,344,115,-0.044912,0.551900,,50,1.000000,,TC3
ID,Peak Data
0,  -0.015
1,   0.010
2,   0.021
3,   0.010
4,   0.007
5,   0.000
6,  -0.005
7,   0.010
8,   0.021
9,   0.017
10,   0.013
11,   0.012
12,  -0.003
13,  -0.006
14,   0.008
15,   0.010
16,   0.005
17,   0.004
18,   0.005
19,  -0.014
20,   0.012
21,   0.046
22,   0.064
23,   0.104
24,   0.141
25,   0.177
26,   0.232
27,   0.254
28,   0.302
29,   0.300
30,   0.307
31,   0.318
32,   0.325
33,   0.294
34,   0.284
35,   0.286
36,   0.256
37,   0.229
38,   0.197
39,   0.148
40,   0.135
41,   0.117
42,   0.114
43,   0.071
44,   0.059
45,   0.052
46,   0.040
47,   0.037
48,   0.029
49,   0.017
50,   0.009
51,   0.011
52,  -0.016
53,  -0.013
54,  -0.002
55,  -0.007
56,  -0.021
57,  -0.027
58,  -0.026
59,  -0.020
60,  -0.007
61,  -0.014
62,  -0.033
63,  -0.054
64,  -0.048
65,  -0.042
66,  -0.046
67,  -0.036
68,  -0.033
69,  -0.035
70,  -0.035
71,  -0.028
72,  -0.027
73,  -0.057
74,  -0.063
75,  -0.057
76,  -0.049
77,  -0.056
78,  -0.080
79,  -0.087
80,  -0.092
81,  -0.076
82,  -0.063
83,  -0.065
84,  -0.051
85,  -0.045
86,  -0.066
87,  -0.067
88,  -0.072
89,  -0.070
90,  -0.076
91,  -0.095
92,  -0.082
93,  -0.085
94,  -0.089
95,  -0.071
96,  -0.066
97,  -0.064
98,  -0.073
99,  -0.095
100,  -0.090
101,  -0.105
102,  -0.113
103,  -0.092
104,  -0.094
105,  -0.102
106,  -0.100
107,  -0.101
108,  -0.102
109,  -0.099
110,  -0.085
111,  -0.104
112,  -0.095
113,  -0.072
114,  -0.094
115,   0.004
116,   0.001
117,   0.023
118,   0.022
119,  -0.004
120,  -0.017
121,  -0.011
122,  -0.006
123,  -0.014
124,  -0.015
125,  -0.014
126,   0.001
127,  -0.014
128,  -0.007
129,  -0.008
130,  -0.020
131,  -0.006
132,  -0.005
133,  -0.001
134,   0.027
135,   0.042
136,   0.075
137,   0.126
138,   0.176
139,   0.196
140,   0.243
141,   0.281
142,   0.315
143,   0.337
144,   0.326
145,   0.361
146,   0.372
147,   0.357
148,   0.336
149,   0.323
150,   0.294
151,   0.268
152,   0.257
153,   0.241
154,   0.201
155,   0.171
156,   0.148
157,   0.142
158,   0.090
159,   0.086
160,   0.085
161,   0.050
162,   0.036
163,   0.018
164,   0.019
165,   0.033
166,   0.029
167,   0.018
168,   0.002
169,  -0.018
170,  -0.034
171,  -0.020
172,  -0.021
173,  -0.031
174,  -0.018
175,  -0.021
176,  -0.008
177,  -0.018
178,  -0.025
179,  -0.016
180,  -0.016
181,  -0.033
182,  -0.041
183,  -0.053
184,  -0.051
185,  -0.045
186,  -0.041
187,  -0.044
188,  -0.058
189,  -0.031
190,  -0.046
191,  -0.066
192,  -0.052
193,  -0.068
194,  -0.068
195,  -0.076
196,  -0.066
197,  -0.051
198,  -0.055
199,  -0.034
200,  -0.063
201,  -0.072
202,  -0.086
203,  -0.079
204,  -0.074
205,  -0.070
206,  -0.076
207,  -0.074
208,  -0.075
209,  -0.085
210,  -0.090
211,  -0.080
212,  -0.062
213,  -0.070
214,  -0.086
215,  -0.100
216,  -0.100
217,  -0.087
218,  -0.086
219,  -0.085
220,  -0.079
221,  -0.085
222,  -0.089
223,  -0.094
224,  -0.083
225,  -0.079
226,  -0.081
227,  -0.086
228,  -0.072
229,  -0.095
230,   0.022
231,   0.017
232,   0.015
233,   0.027
234,  -0.004
235,   0.023
236,   0.020
237,   0.007
238,  -0.001
239,   0.010
240,   0.011
241,   0.019
242,   0.023
243,   0.013
244,  -0.011
245,   0.026
246,   0.029
247,   0.006
248,   0.001
249,   0.033
250,   0.038
251,   0.059
252,   0.063
253,   0.113
254,   0.149
255,   0.181
256,   0.218
257,   0.281
258,   0.314
259,   0.355
260,   0.358
261,   0.353
262,   0.363
263,   0.336
264,   0.330
265,   0.331
266,   0.291
267,   0.264
268,   0.250
269,   0.194
270,   0.179
271,   0.160
272,   0.134
273,   0.129
274,   0.097
275,   0.079
276,   0.063
277,   0.049
278,   0.038
279,   0.042
280,   0.037
281,   0.004
282,  -0.005
283,  -0.018
284,   0.013
285,   0.009
286,  -0.021
287,  -0.007
288,  -0.003
289,  -0.029
290,  -0.001
291,  -0.028
292,  -0.039
293,  -0.023
294,  -0.015
295,  -0.032
296,  -0.005
297,   0.009
298,  -0.013
299,  -0.031
300,  -0.017
301,  -0.029
302,  -0.029
303,  -0.033
304,  -0.023
305,  -0.019
306,  -0.026
307,  -0.056
308,  -0.051
309,  -0.046
310,  -0.042
311,  -0.040
312,  -0.036
313,  -0.045
314,  -0.027
315,  -0.015
316,  -0.033
317,  -0.024
318,  -0.035
319,  -0.058
320,  -0.025
321,  -0.036
322,  -0.049
323,  -0.059
324,  -0.070
325,  -0.026
326,  -0.039
327,  -0.060
328,  -0.077
329,  -0.064
330,  -0.066
331,  -0.080
332,  -0.059
333,  -0.052
334,  -0.054
335,  -0.058
336,  -0.079
337,  -0.080
338,  -0.104
339,  -0.078
340,  -0.059
341,  -0.058
342,  -0.055
343,  -0.055
344,  -0.079
Date,Sample Name,VialNo,Meas Mode,Peak Scale,Inj#,Max Inj#,Inj. Counts,Ave. Conc,Unit,Ave. Area,SD(Conc),CV(Conc),SD(Area),CV(Area),TOC（TC-IC)
2022/9/30 18:21:4,4               ,47,IC,200,3,3,3,4.951475,mg/L,7.848500,0.009759,0.197090,0.027500,0.351369,-5.011496
Injection #,Start ID,End ID,Data Counts,Conc,Area,Remark,Inj. Vol.,Dil. Factor,Ex.,Cal#
1,0,114,115,5.058522,8.151000,,50,1.000000,E,IC1
2,115,229,115,4.958376,7.868000,,50,1.000000,,IC1
3,230,344,115,4.944575,7.829000,,50,1.000000,,IC1
ID,Peak Data
0,   0.014
1,   0.012
2,   0.005
3,   0.002
4,   0.024
5,   0.023
6,   0.022
7,   0.009
8,  -0.018
9,  -0.001
10,   0.001
11,   0.008
12,   0.008
13,   0.129
14,   0.337
15,   0.786
16,   1.447
17,   2.381
18,   3.437
19,   4.547
20,   5.584
21,   6.403
22,   6.982
23,   7.204
24,   7.202
25,   7.029
26,   6.539
27,   5.823
28,   4.988
29,   4.106
30,   3.282
31,   2.570
32,   1.973
33,   1.448
34,   1.096
35,   0.804
36,   0.595
37,   0.443
38,   0.342
39,   0.288
40,   0.246
41,   0.199
42,   0.170
43,   0.160
44,   0.110
45,   0.088
46,   0.095
47,   0.086
48,   0.086
49,   0.054
50,   0.049
51,   0.070
52,   0.076
53,   0.092
54,   0.097
55,   0.076
56,   0.073
57,   0.041
58,   0.027
59,   0.021
60,   0.024
61,   0.025
62,   0.018
63,   0.021
64,   0.025
65,   0.023
66,   0.024
67,   0.016
68,   0.023
69,   0.023
70,  -0.011
71,   0.024
72,   0.017
73,   0.010
74,   0.011
75,   0.008
76,  -0.013
77,  -0.004
78,  -0.006
79,  -0.014
80,  -0.010
81,  -0.007
82,   0.017
83,   0.006
84,  -0.015
85,  -0.013
86,  -0.007
87,   0.005
88,   0.013
89,  -0.016
90,  -0.008
91,  -0.028
92,  -0.024
93,  -0.002
94,   0.002
95,  -0.005
96,   0.013
97,   0.021
98,  -0.018
99,   0.003
100,  -0.013
101,  -0.015
102,  -0.036
103,  -0.032
104,  -0.025
105,  -0.034
106,  -0.023
107,  -0.021
108,  -0.004
109,  -0.015
110,  -0.034
111,  -0.015
112,  -0.016
113,  -0.023
114,  -0.014
115,   0.019
116,   0.018
117,  -0.008
118,  -0.006
119,   0.020
120,   0.022
121,   0.015
122,   0.019
123,   0.024
124,   0.021
125,   0.004
126,  -0.013
127,   0.010
128,   0.100
129,   0.247
130,   0.604
131,   1.221
132,   2.051
133,   3.100
134,   4.218
135,   5.258
136,   6.141
137,   6.735
138,   7.026
139,   7.058
140,   6.953
141,   6.544
142,   5.881
143,   5.066
144,   4.184
145,   3.381
146,   2.609
147,   1.981
148,   1.482
149,   1.119
150,   0.816
151,   0.626
152,   0.449
153,   0.328
154,   0.257
155,   0.206
156,   0.158
157,   0.124
158,   0.116
159,   0.084
160,   0.071
161,   0.054
162,   0.062
163,   0.027
164,   0.016
165,   0.008
166,   0.010
167,   0.024
168,   0.007
169,   0.010
170,   0.020
171,   0.014
172,   0.029
173,   0.024
174,   0.001
175,   0.018
176,   0.028
177,   0.038
178,   0.029
179,   0.011
180,   0.011
181,   0.014
182,   0.023
183,   0.012
184,   0.000
185,   0.017
186,   0.010
187,   0.004
188,   0.001
189,   0.017
190,   0.017
191,  -0.028
192,  -0.021
193,  -0.020
194,  -0.020
195,  -0.005
196,  -0.008
197,  -0.012
198,   0.006
199,   0.005
200,  -0.024
201,  -0.008
202,  -0.004
203,  -0.014
204,  -0.029
205,  -0.020
206,  -0.008
207,  -0.042
208,  -0.056
209,  -0.054
210,  -0.042
211,  -0.046
212,  -0.038
213,  -0.039
214,  -0.039
215,  -0.040
216,  -0.049
217,  -0.036
218,  -0.035
219,  -0.054
220,  -0.041
221,  -0.042
222,  -0.053
223,  -0.051
224,  -0.067
225,  -0.057
226,  -0.072
227,  -0.054
228,  -0.049
229,  -0.073
230,  -0.014
231,   0.006
232,   0.010
233,   0.017
234,   0.000
235,  -0.007
236,   0.010
237,   0.029
238,   0.030
239,  -0.014
240,  -0.008
241,   0.013
242,   0.013
243,   0.080
244,   0.271
245,   0.649
246,   1.253
247,   2.082
248,   3.100
249,   4.176
250,   5.189
251,   6.049
252,   6.669
253,   6.961
254,   6.977
255,   6.892
256,   6.461
257,   5.845
258,   5.047
259,   4.160
260,   3.352
261,   2.608
262,   2.001
263,   1.494
264,   1.097
265,   0.806
266,   0.602
267,   0.458
268,   0.337
269,   0.262
270,   0.197
271,   0.153
272,   0.138
273,   0.104
274,   0.108
275,   0.089
276,   0.077
277,   0.088
278,   0.076
279,   0.060
280,   0.052
281,   0.037
282,   0.050
283,   0.045
284,   0.039
285,   0.042
286,   0.030
287,   0.014
288,   0.020
289,   0.023
290,   0.027
291,   0.010
292,   0.024
293,   0.013
294,   0.016
295,   0.002
296,   0.010
297,   0.008
298,  -0.004
299,   0.007
300,  -0.003
301,   0.035
302,   0.024
303,   0.021
304,   0.026
305,   0.010
306,   0.033
307,   0.030
308,   0.035
309,   0.015
310,   0.014
311,  -0.001
312,   0.001
313,   0.004
314,   0.015
315,  -0.015
316,  -0.012
317,  -0.017
318,  -0.032
319,  -0.024
320,  -0.023
321,  -0.010
322,  -0.019
323,  -0.039
324,  -0.010
325,  -0.005
326,  -0.031
327,  -0.018
328,  -0.024
329,  -0.042
330,  -0.047
331,  -0.028
332,  -0.048
333,  -0.045
334,  -0.018
335,  -0.039
336,  -0.023
337,  -0.029
338,  -0.039
339,  -0.039
340,  -0.026
341,  -0.023
342,  -0.030
343,  -0.031
344,  -0.033
Date,Sample Name,VialNo,Meas Mode,Peak Scale,Inj#,Max Inj#,Inj. Counts,Ave. Conc,Unit,Ave. Area,SD(Conc),CV(Conc),SD(Area),CV(Area)
2022/9/30 18:38:49,4               ,48,TC,200,2,3,2,-0.018336,mg/L,0.606200,0.004045,22.061735,0.008200,1.364643
Injection #,Start ID,End ID,Data Counts,Conc,Area,Remark,Inj. Vol.,Dil. Factor,Ex.,Cal#
1,0,114,115,-0.021197,0.600400,,50,1.000000,,TC3
2,115,229,115,-0.015476,0.612100,,50,1.000000,,TC3
ID,Peak Data
0,   0.045
1,   0.039
2,   0.027
3,   0.023
4,   0.004
5,   0.010
6,   0.010
7,  -0.001
8,  -0.010
9,  -0.007
10,   0.007
11,   0.002
12,   0.003
13,   0.000
14,  -0.013
15,  -0.002
16,   0.008
17,   0.000
18,   0.007
19,   0.018
20,   0.021
21,   0.048
22,   0.091
23,   0.129
24,   0.178
25,   0.199
26,   0.229
27,   0.275
28,   0.312
29,   0.331
30,   0.347
31,   0.352
32,   0.358
33,   0.337
34,   0.308
35,   0.278
36,   0.280
37,   0.236
38,   0.216
39,   0.169
40,   0.169
41,   0.145
42,   0.103
43,   0.076
44,   0.072
45,   0.063
46,   0.059
47,   0.051
48,   0.030
49,   0.033
50,   0.023
51,   0.018
52,   0.028
53,   0.020
54,   0.006
55,   0.026
56,   0.018
57,  -0.013
58,  -0.014
59,  -0.011
60,  -0.036
61,  -0.013
62,  -0.009
63,  -0.004
64,  -0.003
65,  -0.003
66,  -0.029
67,  -0.017
68,  -0.017
69,   0.013
70,   0.023
71,  -0.014
72,   0.001
73,  -0.013
74,  -0.011
75,  -0.022
76,  -0.029
77,  -0.042
78,  -0.021
79,  -0.028
80,  -0.017
81,  -0.037
82,  -0.023
83,  -0.005
84,  -0.004
85,  -0.032
86,  -0.055
87,  -0.046
88,  -0.036
89,  -0.052
90,  -0.060
91,  -0.056
92,  -0.044
93,  -0.045
94,  -0.083
95,  -0.045
96,  -0.051
97,  -0.051
98,  -0.055
99,  -0.058
100,  -0.076
101,  -0.055
102,  -0.046
103,  -0.074
104,  -0.074
105,  -0.083
106,  -0.074
107,  -0.053
108,  -0.051
109,  -0.062
110,  -0.055
111,  -0.060
112,  -0.067
113,  -0.058
114,  -0.063
115,   0.035
116,   0.019
117,   0.024
118,   0.001
119,   0.045
120,   0.018
121,   0.018
122,  -0.005
123,   0.006
124,   0.004
125,  -0.024
126,   0.004
127,   0.014
128,   0.022
129,  -0.005
130,   0.005
131,   0.002
132,   0.020
133,   0.018
134,   0.032
135,   0.045
136,   0.069
137,   0.085
138,   0.148
139,   0.160
140,   0.193
141,   0.235
142,   0.269
143,   0.296
144,   0.335
145,   0.345
146,   0.353
147,   0.351
148,   0.327
149,   0.321
150,   0.296
151,   0.263
152,   0.256
153,   0.221
154,   0.187
155,   0.160
156,   0.153
157,   0.134
158,   0.107
159,   0.075
160,   0.060
161,   0.041
162,   0.041
163,   0.035
164,   0.018
165,   0.015
166,   0.005
167,  -0.008
168,   0.004
169,   0.002
170,  -0.017
171,  -0.020
172,  -0.028
173,  -0.042
174,  -0.026
175,  -0.029
176,  -0.032
177,  -0.029
178,  -0.035
179,  -0.045
180,  -0.049
181,  -0.051
182,  -0.064
183,  -0.039
184,  -0.048
185,  -0.063
186,  -0.056
187,  -0.030
188,  -0.025
189,  -0.046
190,  -0.048
191,  -0.040
192,  -0.039
193,  -0.026
194,  -0.033
195,  -0.024
196,  -0.042
197,  -0.029
198,  -0.043
199,  -0.041
200,  -0.057
201,  -0.042
202,  -0.041
203,  -0.038
204,  -0.075
205,  -0.085
206,  -0.069
207,  -0.073
208,  -0.067
209,  -0.064
210,  -0.057
211,  -0.042
212,  -0.051
213,  -0.062
214,  -0.060
215,  -0.071
216,  -0.076
217,  -0.058
218,  -0.065
219,  -0.069
220,  -0.061
221,  -0.080
222,  -0.070
223,  -0.052
224,  -0.056
225,  -0.063
226,  -0.072
227,  -0.064
228,  -0.045
229,  -0.055
Date,Sample Name,VialNo,Meas Mode,Peak Scale,Inj#,Max Inj#,Inj. Counts,Ave. Conc,Unit,Ave. Area,SD(Conc),CV(Conc),SD(Area),CV(Area),TOC（TC-IC)
2022/9/30 18:38:49,4               ,48,IC,200,3,3,3,5.062238,mg/L,8.161500,0.025273,0.499244,0.071400,0.875057,-5.080574
Injection #,Start ID,End ID,Data Counts,Conc,Area,Remark,Inj. Vol.,Dil. Factor,Ex.,Cal#
1,0,114,115,5.492016,9.376000,,50,1.000000,E,IC1
2,115,229,115,5.080108,8.212000,,50,1.000000,,IC1
3,230,344,115,5.044367,8.111000,,50,1.000000,,IC1
ID,Peak Data
0,   0.026
1,   0.033
2,   0.018
3,   0.023
4,   0.005
5,  -0.015
6,  -0.029
7,  -0.030
8,  -0.023
9,  -0.029
10,  -0.021
11,  -0.022
12,  -0.020
13,   0.063
14,   0.272
15,   0.697
16,   1.367
17,   2.314
18,   3.425
19,   4.640
20,   5.781
21,   6.733
22,   7.423
23,   7.755
24,   7.775
25,   7.647
26,   7.231
27,   6.521
28,   5.658
29,   4.757
30,   3.899
31,   3.078
32,   2.394
33,   1.845
34,   1.411
35,   1.098
36,   0.854
37,   0.683
38,   0.573
39,   0.510
40,   0.417
41,   0.356
42,   0.327
43,   0.319
44,   0.288
45,   0.296
46,   0.275
47,   0.257
48,   0.235
49,   0.231
50,   0.215
51,   0.208
52,   0.210
53,   0.212
54,   0.197
55,   0.193
56,   0.199
57,   0.176
58,   0.168
59,   0.177
60,   0.179
61,   0.170
62,   0.157
63,   0.144
64,   0.138
65,   0.131
66,   0.149
67,   0.164
68,   0.140
69,   0.129
70,   0.111
71,   0.107
72,   0.112
73,   0.129
74,   0.120
75,   0.125
76,   0.111
77,   0.092
78,   0.083
79,   0.082
80,   0.087
81,   0.092
82,   0.089
83,   0.094
84,   0.097
85,   0.098
86,   0.072
87,   0.107
88,   0.118
89,   0.097
90,   0.090
91,   0.105
92,   0.103
93,   0.088
94,   0.094
95,   0.104
96,   0.107
97,   0.100
98,   0.094
99,   0.089
100,   0.088
101,   0.097
102,   0.073
103,   0.086
104,   0.072
105,   0.073
106,   0.087
107,   0.067
108,   0.060
109,   0.058
110,   0.041
111,   0.062
112,   0.064
113,   0.077
114,   0.088
115,   0.011
116,   0.005
117,   0.005
118,   0.019
119,   0.044
120,   0.041
121,   0.015
122,  -0.005
123,  -0.014
124,  -0.013
125,  -0.024
126,  -0.015
127,   0.041
128,   0.142
129,   0.477
130,   0.978
131,   1.740
132,   2.736
133,   3.834
134,   4.931
135,   5.944
136,   6.703
137,   7.144
138,   7.258
139,   7.243
140,   6.960
141,   6.381
142,   5.643
143,   4.753
144,   3.897
145,   3.093
146,   2.393
147,   1.813
148,   1.363
149,   1.038
150,   0.752
151,   0.568
152,   0.449
153,   0.339
154,   0.260
155,   0.220
156,   0.210
157,   0.175
158,   0.145
159,   0.137
160,   0.133
161,   0.131
162,   0.119
163,   0.110
164,   0.098
165,   0.094
166,   0.089
167,   0.091
168,   0.097
169,   0.105
170,   0.103
171,   0.082
172,   0.090
173,   0.084
174,   0.088
175,   0.083
176,   0.085
177,   0.075
178,   0.060
179,   0.044
180,   0.049
181,   0.059
182,   0.044
183,   0.041
184,   0.058
185,   0.060
186,   0.055
187,   0.044
188,   0.060
189,   0.052
190,   0.024
191,   0.029
192,   0.024
193,   0.024
194,   0.036
195,   0.058
196,   0.049
197,   0.030
198,   0.046
199,   0.047
200,   0.036
201,   0.044
202,   0.032
203,   0.011
204,   0.014
205,   0.015
206,  -0.006
207,  -0.005
208,   0.022
209,   0.029
210,   0.028
211,   0.026
212,   0.030
213,   0.026
214,   0.019
215,   0.017
216,  -0.001
217,  -0.002
218,   0.007
219,  -0.005
220,  -0.005
221,  -0.005
222,  -0.011
223,  -0.010
224,   0.002
225,  -0.002
226,   0.004
227,   0.005
228,  -0.017
229,  -0.015
230,   0.011
231,   0.021
232,   0.034
233,   0.032
234,   0.018
235,   0.007
236,   0.014
237,   0.039
238,   0.033
239,   0.001
240,   0.016
241,   0.013
242,   0.039
243,   0.142
244,   0.372
245,   0.812
246,   1.509
247,   2.446
248,   3.476
249,   4.584
250,   5.639
251,   6.455
252,   6.982
253,   7.166
254,   7.167
255,   6.982
256,   6.497
257,   5.806
258,   4.991
259,   4.094
260,   3.269
261,   2.521
262,   1.933
263,   1.453
264,   1.082
265,   0.788
266,   0.595
267,   0.446
268,   0.341
269,   0.255
270,   0.229
271,   0.172
272,   0.168
273,   0.148
274,   0.123
275,   0.100
276,   0.095
277,   0.074
278,   0.086
279,   0.078
280,   0.089
281,   0.094
282,   0.088
283,   0.065
284,   0.071
285,   0.086
286,   0.083
287,   0.058
288,   0.036
289,   0.052
290,   0.052
291,   0.041
292,   0.044
293,   0.054
294,   0.027
295,   0.035
296,   0.032
297,   0.025
298,   0.030
299,   0.023
300,   0.043
301,   0.039
302,   0.013
303,   0.016
304,   0.024
305,   0.018
306,   0.020
307,   0.017
308,   0.029
309,   0.038
310,   0.040
311,   0.052
312,   0.055
313,   0.044
314,   0.032
315,   0.024
316,   0.027
317,   0.028
318,   0.034
319,   0.016
320,   0.032
321,   0.023
322,   0.029
323,   0.035
324,   0.036
325,   0.038
326,   0.026
327,   0.008
328,   0.021
329,   0.023
330,   0.015
331,   0.013
332,   0.007
333,   0.018
334,  -0.002
335,  -0.001
336,  -0.002
337,   0.002
338,   0.021
339,   0.025
340,   0.021
341,   0.015
342,  -0.007
343,   0.011
344,   0.026
Date,Sample Name,VialNo,Meas Mode,Peak Scale,Inj#,Max Inj#,Inj. Counts,Ave. Conc,Unit,Ave. Area,SD(Conc),CV(Conc),SD(Area),CV(Area)
2022/9/30 18:56:22,4               ,49,TC,200,2,3,2,0.001051,mg/L,0.645900,0.007122,677.507080,0.014500,2.255210
Injection #,Start ID,End ID,Data Counts,Conc,Area,Remark,Inj. Vol.,Dil. Factor,Ex.,Cal#
1,0,114,115,0.006088,0.656200,,50,1.000000,,TC3
2,115,229,115,-0.003985,0.635600,,50,1.000000,,TC3
ID,Peak Data
0,  -0.004
1,   0.000
2,   0.010
3,   0.023
4,   0.008
5,   0.001
6,   0.015
7,   0.012
8,   0.009
9,  -0.011
10,  -0.001
11,   0.022
12,   0.007
13,   0.004
14,   0.008
15,   0.014
16,  -0.007
17,  -0.014
18,   0.002
19,   0.008
20,   0.026
21,   0.030
22,   0.075
23,   0.145
24,   0.190
25,   0.233
26,   0.275
27,   0.348
28,   0.390
29,   0.408
30,   0.404
31,   0.410
32,   0.419
33,   0.414
34,   0.386
35,   0.380
36,   0.321
37,   0.308
38,   0.278
39,   0.233
40,   0.214
41,   0.178
42,   0.166
43,   0.136
44,   0.111
45,   0.083
46,   0.052
47,   0.040
48,   0.033
49,   0.026
50,   0.029
51,   0.011
52,   0.006
53,   0.006
54,   0.010
55,   0.005
56,   0.007
57,  -0.003
58,  -0.009
59,  -0.004
60,  -0.001
61,  -0.007
62,  -0.023
63,  -0.019
64,  -0.027
65,  -0.017
66,  -0.038
67,  -0.044
68,  -0.029
69,  -0.020
70,  -0.024
71,  -0.026
72,  -0.044
73,  -0.021
74,  -0.033
75,  -0.030
76,  -0.029
77,  -0.037
78,  -0.029
79,  -0.023
80,  -0.035
81,  -0.020
82,  -0.031
83,  -0.037
84,  -0.042
85,  -0.039
86,  -0.039
87,  -0.032
88,  -0.038
89,  -0.034
90,  -0.023
91,  -0.030
92,  -0.033
93,  -0.066
94,  -0.044
95,  -0.044
96,  -0.035
97,  -0.036
98,  -0.021
99,  -0.021
100,  -0.035
101,  -0.048
102,  -0.044
103,  -0.042
104,  -0.049
105,  -0.064
106,  -0.033
107,  -0.036
108,  -0.045
109,  -0.060
110,  -0.058
111,  -0.058
112,  -0.035
113,  -0.028
114,  -0.058
115,   0.001
116,   0.008
117,   0.010
118,   0.023
119,   0.017
120,   0.017
121,   0.014
122,   0.005
123,   0.007
124,   0.005
125,   0.002
126,   0.011
127,   0.011
128,   0.011
129,   0.023
130,   0.028
131,   0.017
132,   0.016
133,   0.024
134,   0.035
135,   0.052
136,   0.095
137,   0.122
138,   0.121
139,   0.182
140,   0.238
141,   0.303
142,   0.319
143,   0.355
144,   0.396
145,   0.409
146,   0.400
147,   0.387
148,   0.399
149,   0.393
150,   0.348
151,   0.328
152,   0.310
153,   0.283
154,   0.240
155,   0.204
156,   0.178
157,   0.145
158,   0.127
159,   0.127
160,   0.109
161,   0.108
162,   0.104
163,   0.086
164,   0.059
165,   0.056
166,   0.051
167,   0.046
168,   0.057
169,   0.057
170,   0.045
171,   0.045
172,   0.035
173,   0.046
174,   0.039
175,   0.019
176,   0.020
177,   0.029
178,   0.029
179,   0.029
180,   0.045
181,   0.020
182,   0.013
183,   0.027
184,   0.033
185,   0.022
186,   0.026
187,   0.029
188,   0.044
189,   0.043
190,   0.016
191,   0.014
192,  -0.011
193,   0.010
194,   0.005
195,   0.002
196,   0.005
197,   0.021
198,   0.026
199,   0.023
200,   0.018
201,   0.012
202,  -0.011
203,  -0.009
204,  -0.007
205,   0.002
206,   0.002
207,   0.004
208,  -0.012
209,  -0.016
210,  -0.013
211,  -0.022
212,  -0.033
213,  -0.011
214,  -0.015
215,  -0.020
216,  -0.029
217,  -0.021
218,  -0.016
219,  -0.009
220,   0.002
221,  -0.005
222,  -0.001
223,   0.010
224,  -0.002
225,   0.002
226,  -0.008
227,  -0.013
228,  -0.007
229,  -0.001
Date,Sample Name,VialNo,Meas Mode,Peak Scale,Inj#,Max Inj#,Inj. Counts,Ave. Conc,Unit,Ave. Area,SD(Conc),CV(Conc),SD(Area),CV(Area),TOC（TC-IC)
2022/9/30 18:56:22,4               ,49,IC,200,3,3,3,5.207325,mg/L,8.571500,0.017766,0.341175,0.050200,0.585715,-5.206274
Injection #,Start ID,End ID,Data Counts,Conc,Area,Remark,Inj. Vol.,Dil. Factor,Ex.,Cal#
1,0,114,115,5.362852,9.011000,,50,1.000000,E,IC1
2,115,229,115,5.194763,8.536000,,50,1.000000,,IC1
3,230,344,115,5.219888,8.607000,,50,1.000000,,IC1
ID,Peak Data
0,   0.010
1,   0.017
2,  -0.017
3,   0.001
4,  -0.010
5,  -0.032
6,  -0.054
7,  -0.063
8,  -0.077
9,  -0.087
10,  -0.070
11,  -0.069
12,  -0.065
13,   0.066
14,   0.344
15,   0.865
16,   1.646
17,   2.709
18,   3.938
19,   5.167
20,   6.310
21,   7.222
22,   7.784
23,   7.981
24,   7.977
25,   7.736
26,   7.164
27,   6.330
28,   5.381
29,   4.397
30,   3.497
31,   2.670
32,   2.019
33,   1.476
34,   1.072
35,   0.792
36,   0.560
37,   0.378
38,   0.267
39,   0.224
40,   0.141
41,   0.096
42,   0.086
43,   0.046
44,   0.029
45,   0.029
46,   0.014
47,  -0.011
48,  -0.021
49,  -0.029
50,  -0.038
51,  -0.026
52,  -0.032
53,  -0.055
54,  -0.051
55,  -0.057
56,  -0.061
57,  -0.048
58,  -0.061
59,  -0.064
60,  -0.058
61,  -0.038
62,  -0.044
63,  -0.075
64,  -0.070
65,  -0.080
66,  -0.069
67,  -0.082
68,  -0.065
69,  -0.065
70,  -0.082
71,  -0.086
72,  -0.088
73,  -0.088
74,  -0.074
75,  -0.079
76,  -0.064
77,  -0.063
78,  -0.067
79,  -0.083
80,  -0.079
81,  -0.067
82,  -0.081
83,  -0.085
84,  -0.088
85,  -0.122
86,  -0.120
87,  -0.106
88,  -0.108
89,  -0.102
90,  -0.100
91,  -0.104
92,  -0.123
93,  -0.126
94,  -0.116
95,  -0.125
96,  -0.129
97,  -0.108
98,  -0.094
99,  -0.104
100,  -0.104
101,  -0.112
102,  -0.085
103,  -0.075
104,  -0.095
105,  -0.100
106,  -0.104
107,  -0.093
108,  -0.111
109,  -0.129
110,  -0.131
111,  -0.136
112,  -0.135
113,  -0.136
114,  -0.137
115,   0.004
116,   0.029
117,   0.030
118,   0.010
119,   0.006
120,  -0.002
121,   0.011
122,   0.006
123,  -0.014
124,  -0.003
125,  -0.010
126,  -0.009
127,   0.051
128,   0.166
129,   0.455
130,   0.976
131,   1.789
132,   2.800
133,   3.949
134,   5.132
135,   6.128
136,   6.968
137,   7.456
138,   7.585
139,   7.563
140,   7.292
141,   6.704
142,   5.892
143,   4.982
144,   4.053
145,   3.231
146,   2.484
147,   1.874
148,   1.396
149,   1.051
150,   0.756
151,   0.570
152,   0.435
153,   0.325
154,   0.253
155,   0.211
156,   0.195
157,   0.184
158,   0.123
159,   0.111
160,   0.116
161,   0.116
162,   0.117
163,   0.097
164,   0.092
165,   0.098
166,   0.075
167,   0.066
168,   0.064
169,   0.059
170,   0.058
171,   0.055
172,   0.078
173,   0.075
174,   0.060
175,   0.063
176,   0.026
177,   0.026
178,   0.030
179,   0.022
180,   0.047
181,   0.042
182,   0.018
183,   0.004
184,   0.014
185,   0.023
186,   0.017
187,   0.021
188,   0.017
189,   0.021
190,   0.029
191,   0.028
192,   0.033
193,   0.014
194,   0.038
195,   0.028
196,   0.030
197,   0.019
198,   0.014
199,   0.003
200,   0.019
201,   0.034
202,   0.020
203,  -0.008
204,   0.005
205,  -0.004
206,   0.003
207,   0.010
208,   0.018
209,   0.011
210,   0.007
211,   0.000
212,   0.006
213,   0.019
214,   0.021
215,  -0.015
216,  -0.015
217,  -0.013
218,  -0.012
219,   0.002
220,   0.003
221,  -0.017
222,  -0.002
223,   0.000
224,   0.002
225,  -0.005
226,   0.001
227,   0.005
228,   0.005
229,  -0.026
230,   0.007
231,   0.005
232,   0.005
233,   0.008
234,   0.016
235,   0.013
236,  -0.016
237,   0.018
238,   0.012
239,   0.008
240,  -0.008
241,   0.011
242,   0.055
243,   0.190
244,   0.495
245,   1.054
246,   1.856
247,   2.857
248,   4.008
249,   5.176
250,   6.185
251,   6.960
252,   7.405
253,   7.526
254,   7.489
255,   7.173
256,   6.555
257,   5.767
258,   4.841
259,   3.955
260,   3.160
261,   2.403
262,   1.836
263,   1.367
264,   1.012
265,   0.753
266,   0.538
267,   0.438
268,   0.339
269,   0.257
270,   0.217
271,   0.162
272,   0.157
273,   0.131
274,   0.101
275,   0.103
276,   0.091
277,   0.085
278,   0.086
279,   0.082
280,   0.064
281,   0.052
282,   0.032
283,   0.062
284,   0.061
285,   0.060
286,   0.049
287,   0.038
288,   0.029
289,   0.023
290,   0.023
291,   0.034
292,   0.042
293,   0.028
294,   0.036
295,   0.034
296,   0.040
297,   0.044
298,   0.023
299,   0.030
300,   0.052
301,   0.046
302,   0.010
303,  -0.010
304,   0.002
305,   0.003
306,   0.015
307,   0.019
308,  -0.013
309,   0.024
310,   0.018
311,   0.017
312,   0.015
313,   0.030
314,   0.030
315,   0.024
316,   0.020
317,   0.019
318,   0.015
319,   0.013
320,   0.012
321,   0.008
322,   0.012
323,   0.018
324,   0.015
325,   0.026
326,   0.047
327,   0.042
328,   0.021
329,   0.021
330,   0.007
331,   0.006
332,   0.015
333,   0.039
334,   0.030
335,   0.007
336,  -0.004
337,  -0.001
338,   0.015
339,  -0.008
340,   0.009
341,  -0.005
342,   0.003
343,   0.013
344,   0.027
Date,Sample Name,VialNo,Meas Mode,Peak Scale,Inj#,Max Inj#,Inj. Counts,Ave. Conc,Unit,Ave. Area,SD(Conc),CV(Conc),SD(Area),CV(Area)
2022/9/30 19:13:59,4               ,50,TC,200,2,3,2,0.011344,mg/L,0.666900,0.034541,304.482666,0.070600,10.591494
Injection #,Start ID,End ID,Data Counts,Conc,Area,Remark,Inj. Vol.,Dil. Factor,Ex.,Cal#
1,0,114,115,-0.013080,0.617000,,50,1.000000,,TC3
2,115,229,115,0.035768,0.716900,,50,1.000000,,TC3
ID,Peak Data
0,   0.027
1,   0.028
2,   0.027
3,   0.018
4,   0.014
5,   0.043
6,   0.040
7,   0.022
8,   0.005
9,   0.019
10,   0.019
11,   0.005
12,   0.033
13,   0.035
14,   0.031
15,   0.032
16,   0.025
17,   0.018
18,   0.010
19,   0.030
20,   0.042
21,   0.036
22,   0.119
23,   0.166
24,   0.203
25,   0.243
26,   0.299
27,   0.342
28,   0.359
29,   0.381
30,   0.413
31,   0.417
32,   0.400
33,   0.370
34,   0.350
35,   0.344
36,   0.321
37,   0.290
38,   0.262
39,   0.215
40,   0.195
41,   0.177
42,   0.159
43,   0.124
44,   0.109
45,   0.116
46,   0.103
47,   0.076
48,   0.063
49,   0.061
50,   0.066
51,   0.055
52,   0.052
53,   0.029
54,   0.034
55,   0.032
56,  -0.003
57,   0.017
58,   0.033
59,   0.019
60,  -0.007
61,   0.017
62,   0.004
63,   0.011
64,   0.007
65,   0.015
66,   0.017
67,   0.013
68,  -0.001
69,   0.023
70,   0.023
71,   0.027
72,   0.027
73,   0.001
74,  -0.001
75,  -0.007
76,  -0.030
77,  -0.001
78,  -0.005
79,  -0.011
80,  -0.013
81,  -0.014
82,  -0.013
83,  -0.003
84,  -0.017
85,  -0.005
86,   0.008
87,   0.012
88,   0.004
89,   0.002
90,  -0.010
91,  -0.036
92,  -0.031
93,  -0.009
94,  -0.010
95,  -0.033
96,  -0.038
97,  -0.019
98,  -0.015
99,  -0.013
100,  -0.014
101,  -0.034
102,  -0.026
103,  -0.020
104,  -0.023
105,  -0.040
106,  -0.035
107,  -0.035
108,  -0.015
109,   0.003
110,  -0.001
111,  -0.011
112,  -0.012
113,  -0.023
114,  -0.023
115,  -0.010
116,   0.015
117,   0.005
118,   0.029
119,   0.026
120,   0.021
121,   0.020
122,   0.020
123,   0.014
124,   0.016
125,   0.026
126,   0.048
127,   0.046
128,   0.040
129,   0.026
130,   0.032
131,   0.033
132,   0.022
133,   0.041
134,   0.052
135,   0.072
136,   0.101
137,   0.124
138,   0.142
139,   0.187
140,   0.253
141,   0.297
142,   0.362
143,   0.367
144,   0.370
145,   0.389
146,   0.389
147,   0.393
148,   0.388
149,   0.383
150,   0.341
151,   0.327
152,   0.294
153,   0.272
154,   0.241
155,   0.203
156,   0.180
157,   0.166
158,   0.151
159,   0.119
160,   0.117
161,   0.118
162,   0.112
163,   0.113
164,   0.072
165,   0.068
166,   0.085
167,   0.080
168,   0.080
169,   0.063
170,   0.053
171,   0.049
172,   0.067
173,   0.048
174,   0.030
175,   0.024
176,   0.026
177,   0.022
178,  -0.002
179,   0.017
180,   0.038
181,   0.033
182,   0.001
183,   0.015
184,   0.013
185,   0.008
186,   0.004
187,  -0.002
188,   0.002
189,   0.005
190,   0.022
191,   0.014
192,  -0.004
193,   0.011
194,   0.015
195,   0.010
196,   0.004
197,   0.001
198,   0.009
199,   0.021
200,   0.007
201,   0.003
202,  -0.015
203,  -0.023
204,  -0.001
205,   0.004
206,   0.020
207,   0.018
208,  -0.004
209,  -0.010
210,   0.000
211,  -0.004
212,   0.008
213,   0.014
214,   0.021
215,   0.017
216,   0.021
217,   0.004
218,   0.026
219,   0.043
220,   0.049
221,   0.021
222,   0.014
223,   0.011
224,   0.020
225,  -0.001
226,   0.007
227,   0.014
228,   0.014
229,   0.026
Date,Sample Name,VialNo,Meas Mode,Peak Scale,Inj#,Max Inj#,Inj. Counts,Ave. Conc,Unit,Ave. Area,SD(Conc),CV(Conc),SD(Area),CV(Area),TOC（TC-IC)
2022/9/30 19:13:59,4               ,50,IC,200,3,3,3,5.158668,mg/L,8.434000,0.009509,0.184324,0.026800,0.318592,-5.147324
Injection #,Start ID,End ID,Data Counts,Conc,Area,Remark,Inj. Vol.,Dil. Factor,Ex.,Cal#
1,0,114,115,5.263060,8.729000,,50,1.000000,E,IC1
2,115,229,115,5.151944,8.415000,,50,1.000000,,IC1
3,230,344,115,5.165391,8.453000,,50,1.000000,,IC1
ID,Peak Data
0,   0.042
1,   0.046
2,   0.038
3,   0.049
4,   0.030
5,   0.030
6,   0.021
7,   0.035
8,   0.023
9,   0.016
10,   0.021
11,   0.013
12,   0.041
13,   0.182
14,   0.466
15,   0.983
16,   1.783
17,   2.819
18,   3.982
19,   5.149
20,   6.223
21,   7.052
22,   7.582
23,   7.721
24,   7.705
25,   7.413
26,   6.832
27,   6.046
28,   5.126
29,   4.195
30,   3.322
31,   2.549
32,   1.948
33,   1.448
34,   1.078
35,   0.800
36,   0.598
37,   0.461
38,   0.343
39,   0.286
40,   0.221
41,   0.197
42,   0.169
43,   0.172
44,   0.148
45,   0.128
46,   0.125
47,   0.108
48,   0.095
49,   0.082
50,   0.083
51,   0.071
52,   0.090
53,   0.086
54,   0.085
55,   0.085
56,   0.060
57,   0.050
58,   0.047
59,   0.050
60,   0.067
61,   0.065
62,   0.048
63,   0.052
64,   0.049
65,   0.050
66,   0.048
67,   0.033
68,   0.027
69,   0.032
70,   0.020
71,   0.025
72,   0.024
73,   0.029
74,   0.037
75,   0.055
76,   0.049
77,   0.051
78,   0.028
79,   0.026
80,   0.039
81,   0.060
82,   0.041
83,   0.046
84,   0.045
85,   0.044
86,   0.038
87,   0.030
88,   0.041
89,   0.044
90,   0.032
91,   0.021
92,   0.008
93,   0.027
94,   0.051
95,   0.030
96,   0.033
97,   0.044
98,   0.055
99,   0.049
100,   0.026
101,   0.044
102,   0.032
103,   0.025
104,   0.015
105,   0.028
106,   0.045
107,   0.031
108,   0.031
109,   0.020
110,   0.017
111,   0.007
112,   0.024
113,   0.017
114,   0.022
115,   0.010
116,   0.007
117,  -0.014
118,  -0.026
119,  -0.002
120,  -0.007
121,  -0.008
122,  -0.013
123,  -0.008
124,  -0.011
125,  -0.017
126,  -0.001
127,   0.038
128,   0.139
129,   0.406
130,   0.945
131,   1.691
132,   2.712
133,   3.852
134,   5.004
135,   6.045
136,   6.844
137,   7.369
138,   7.485
139,   7.467
140,   7.225
141,   6.630
142,   5.833
143,   4.952
144,   4.026
145,   3.163
146,   2.444
147,   1.842
148,   1.367
149,   1.000
150,   0.728
151,   0.549
152,   0.401
153,   0.292
154,   0.222
155,   0.175
156,   0.152
157,   0.132
158,   0.120
159,   0.133
160,   0.113
161,   0.110
162,   0.080
163,   0.086
164,   0.077
165,   0.070
166,   0.066
167,   0.091
168,   0.086
169,   0.057
170,   0.045
171,   0.028
172,   0.040
173,   0.051
174,   0.046
175,   0.051
176,   0.039
177,   0.013
178,   0.011
179,   0.019
180,   0.019
181,   0.010
182,   0.021
183,   0.027
184,   0.024
185,   0.039
186,   0.048
187,   0.035
188,   0.041
189,   0.036
190,   0.034
191,   0.028
192,   0.017
193,   0.021
194,   0.033
195,   0.021
196,   0.033
197,   0.030
198,   0.010
199,   0.004
200,   0.001
201,   0.007
202,   0.015
203,   0.015
204,   0.016
205,   0.009
206,   0.021
207,   0.030
208,   0.020
209,   0.016
210,  -0.001
211,   0.016
212,   0.015
213,   0.017
214,   0.009
215,  -0.008
216,  -0.015
217,  -0.031
218,  -0.007
219,  -0.005
220,   0.007
221,   0.003
222,   0.005
223,  -0.017
224,  -0.010
225,  -0.018
226,   0.001
227,  -0.004
228,  -0.007
229,   0.010
230,  -0.004
231,  -0.015
232,  -0.010
233,  -0.015
234,  -0.023
235,  -0.015
236,   0.002
237,   0.008
238,   0.011
239,   0.018
240,   0.004
241,  -0.010
242,   0.049
243,   0.154
244,   0.426
245,   0.914
246,   1.681
247,   2.668
248,   3.819
249,   4.967
250,   5.986
251,   6.810
252,   7.306
253,   7.449
254,   7.446
255,   7.190
256,   6.598
257,   5.816
258,   4.903
259,   4.014
260,   3.170
261,   2.460
262,   1.848
263,   1.367
264,   1.004
265,   0.738
266,   0.544
267,   0.398
268,   0.321
269,   0.236
270,   0.181
271,   0.183
272,   0.153
273,   0.128
274,   0.115
275,   0.108
276,   0.107
277,   0.092
278,   0.063
279,   0.046
280,   0.062
281,   0.064
282,   0.062
283,   0.061
284,   0.063
285,   0.040
286,   0.044
287,   0.041
288,   0.017
289,   0.036
290,   0.028
291,   0.031
292,   0.035
293,   0.049
294,   0.075
295,   0.039
296,   0.046
297,   0.033
298,   0.030
299,   0.026
300,   0.005
301,   0.004
302,   0.000
303,   0.024
304,   0.030
305,   0.009
306,   0.005
307,   0.013
308,   0.015
309,   0.016
310,   0.009
311,   0.001
312,   0.027
313,   0.042
314,   0.024
315,   0.018
316,   0.033
317,   0.023
318,   0.023
319,   0.024
320,   0.026
321,   0.005
322,   0.009
323,   0.013
324,   0.011
325,   0.018
326,   0.013
327,   0.018
328,  -0.003
329,   0.006
330,   0.010
331,   0.001
332,   0.015
333,   0.020
334,   0.006
335,   0.030
336,   0.022
337,   0.007
338,   0.007
339,   0.009
340,   0.011
341,   0.004
342,   0.023
343,   0.026
344,   0.004
Date,Sample Name,VialNo,Meas Mode,Peak Scale,Inj#,Max Inj#,Inj. Counts,Ave. Conc,Unit,Ave. Area,SD(Conc),CV(Conc),SD(Area),CV(Area)
2022/9/30 19:28:38,4               ,51,TC,200,2,3,2,0.002420,mg/L,0.648700,0.033192,1371.358521,0.067800,10.464352
Injection #,Start ID,End ID,Data Counts,Conc,Area,Remark,Inj. Vol.,Dil. Factor,Ex.,Cal#
1,0,114,115,0.025891,0.696700,,50,1.000000,,TC3
2,115,229,115,-0.021050,0.600700,,50,1.000000,,TC3
ID,Peak Data
0,  -0.018
1,  -0.024
2,  -0.023
3,  -0.006
4,  -0.010
5,  -0.013
6,  -0.035
7,  -0.029
8,  -0.015
9,  -0.017
10,  -0.025
11,  -0.001
12,  -0.008
13,  -0.010
14,   0.005
15,   0.037
16,   0.029
17,  -0.004
18,   0.019
19,   0.029
20,   0.041
21,   0.086
22,   0.110
23,   0.136
24,   0.173
25,   0.218
26,   0.271
27,   0.296
28,   0.322
29,   0.375
30,   0.371
31,   0.376
32,   0.365
33,   0.352
34,   0.331
35,   0.288
36,   0.275
37,   0.228
38,   0.204
39,   0.174
40,   0.158
41,   0.135
42,   0.113
43,   0.097
44,   0.088
45,   0.074
46,   0.063
47,   0.051
48,   0.036
49,   0.034
50,   0.027
51,   0.018
52,   0.008
53,   0.002
54,  -0.005
55,   0.014
56,   0.011
57,   0.008
58,  -0.001
59,  -0.004
60,   0.004
61,  -0.011
62,  -0.030
63,  -0.024
64,  -0.021
65,  -0.018
66,  -0.004
67,  -0.006
68,  -0.002
69,   0.005
70,  -0.036
71,  -0.050
72,  -0.062
73,  -0.055
74,  -0.055
75,  -0.036
76,  -0.048
77,  -0.056
78,  -0.057
79,  -0.039
80,  -0.033
81,  -0.047
82,  -0.051
83,  -0.028
84,  -0.008
85,  -0.027
86,  -0.024
87,  -0.019
88,  -0.041
89,  -0.026
90,  -0.035
91,  -0.032
92,  -0.031
93,  -0.034
94,  -0.047
95,  -0.050
96,  -0.055
97,  -0.045
98,  -0.060
99,  -0.035
100,  -0.033
101,  -0.036
102,  -0.036
103,  -0.033
104,  -0.018
105,  -0.002
106,  -0.021
107,  -0.025
108,  -0.044
109,  -0.030
110,  -0.005
111,  -0.006
112,  -0.024
113,  -0.047
114,  -0.047
115,  -0.021
116,   0.022
117,   0.027
118,  -0.001
119,   0.021
120,   0.013
121,   0.015
122,   0.015
123,   0.011
124,   0.003
125,   0.014
126,   0.007
127,   0.019
128,   0.018
129,   0.011
130,  -0.001
131,  -0.011
132,   0.003
133,   0.013
134,   0.030
135,   0.042
136,   0.119
137,   0.116
138,   0.172
139,   0.190
140,   0.236
141,   0.301
142,   0.321
143,   0.328
144,   0.364
145,   0.392
146,   0.412
147,   0.386
148,   0.366
149,   0.336
150,   0.331
151,   0.293
152,   0.236
153,   0.234
154,   0.237
155,   0.185
156,   0.175
157,   0.148
158,   0.127
159,   0.107
160,   0.092
161,   0.097
162,   0.099
163,   0.060
164,   0.072
165,   0.066
166,   0.066
167,   0.059
168,   0.023
169,   0.026
170,   0.032
171,   0.040
172,   0.035
173,   0.026
174,   0.013
175,   0.013
176,   0.010
177,   0.015
178,   0.014
179,  -0.020
180,  -0.015
181,  -0.015
182,  -0.018
183,  -0.010
184,  -0.016
185,  -0.005
186,   0.008
187,  -0.015
188,  -0.013
189,   0.005
190,   0.014
191,  -0.014
192,   0.011
193,   0.004
194,   0.004
195,   0.004
196,   0.011
197,  -0.021
198,  -0.021
199,  -0.031
200,  -0.011
201,   0.006
202,  -0.007
203,   0.013
204,   0.011
205,  -0.019
206,  -0.023
207,  -0.003
208,  -0.003
209,   0.009
210,   0.002
211,   0.014
212,   0.016
213,   0.003
214,  -0.007
215,   0.008
216,   0.003
217,  -0.013
218,   0.010
219,   0.018
220,  -0.002
221,   0.018
222,   0.024
223,   0.018
224,  -0.011
225,   0.002
226,  -0.002
227,   0.004
228,   0.004
229,   0.010
Date,Sample Name,VialNo,Meas Mode,Peak Scale,Inj#,Max Inj#,Inj. Counts,Ave. Conc,Unit,Ave. Area,SD(Conc),CV(Conc),SD(Area),CV(Area),TOC（TC-IC)
2022/9/30 19:28:38,4               ,51,IC,200,2,3,2,5.212279,mg/L,8.585500,0.034782,0.667301,0.098200,1.144812,-5.209859
Injection #,Start ID,End ID,Data Counts,Conc,Area,Remark,Inj. Vol.,Dil. Factor,Ex.,Cal#
1,0,114,115,5.236874,8.655000,,50,1.000000,,IC1
2,115,229,115,5.187685,8.516000,,50,1.000000,,IC1
ID,Peak Data
0,  -0.005
1,   0.009
2,   0.018
3,   0.018
4,  -0.009
5,  -0.001
6,   0.005
7,   0.014
8,   0.010
9,   0.010
10,  -0.007
11,  -0.003
12,   0.038
13,   0.148
14,   0.420
15,   0.899
16,   1.662
17,   2.668
18,   3.812
19,   4.994
20,   6.091
21,   6.954
22,   7.469
23,   7.674
24,   7.680
25,   7.452
26,   6.903
27,   6.107
28,   5.197
29,   4.278
30,   3.400
31,   2.638
32,   1.988
33,   1.473
34,   1.121
35,   0.833
36,   0.628
37,   0.464
38,   0.370
39,   0.278
40,   0.225
41,   0.190
42,   0.174
43,   0.131
44,   0.123
45,   0.125
46,   0.126
47,   0.086
48,   0.081
49,   0.074
50,   0.077
51,   0.071
52,   0.067
53,   0.087
54,   0.064
55,   0.051
56,   0.042
57,   0.059
58,   0.041
59,   0.048
60,   0.067
61,   0.045
62,   0.064
63,   0.059
64,   0.067
65,   0.053
66,   0.029
67,   0.033
68,   0.050
69,   0.049
70,   0.030
71,   0.057
72,   0.045
73,   0.033
74,   0.026
75,   0.019
76,   0.020
77,   0.017
78,   0.017
79,   0.014
80,   0.017
81,   0.020
82,   0.017
83,   0.021
84,   0.027
85,   0.018
86,   0.023
87,   0.014
88,   0.006
89,  -0.013
90,  -0.001
91,   0.047
92,   0.052
93,   0.035
94,   0.038
95,   0.027
96,   0.024
97,   0.013
98,   0.013
99,   0.003
100,   0.022
101,   0.006
102,   0.018
103,   0.008
104,   0.015
105,   0.011
106,   0.037
107,   0.036
108,   0.001
109,  -0.005
110,   0.000
111,   0.012
112,   0.002
113,   0.001
114,  -0.013
115,   0.028
116,   0.023
117,   0.032
118,   0.022
119,   0.007
120,   0.007
121,   0.004
122,  -0.001
123,  -0.018
124,  -0.013
125,  -0.019
126,  -0.007
127,   0.033
128,   0.184
129,   0.486
130,   1.030
131,   1.853
132,   2.852
133,   3.994
134,   5.158
135,   6.156
136,   6.956
137,   7.421
138,   7.520
139,   7.503
140,   7.156
141,   6.575
142,   5.769
143,   4.867
144,   3.964
145,   3.139
146,   2.396
147,   1.802
148,   1.336
149,   0.976
150,   0.768
151,   0.544
152,   0.439
153,   0.325
154,   0.257
155,   0.223
156,   0.210
157,   0.172
158,   0.157
159,   0.141
160,   0.129
161,   0.117
162,   0.093
163,   0.082
164,   0.078
165,   0.075
166,   0.055
167,   0.068
168,   0.062
169,   0.072
170,   0.069
171,   0.054
172,   0.044
173,   0.038
174,   0.027
175,   0.045
176,   0.029
177,   0.039
178,   0.038
179,   0.026
180,   0.029
181,   0.039
182,   0.012
183,   0.026
184,   0.013
185,   0.019
186,   0.014
187,   0.004
188,   0.001
189,   0.003
190,   0.021
191,   0.019
192,   0.016
193,   0.018
194,   0.013
195,   0.008
196,   0.030
197,   0.039
198,   0.024
199,   0.009
200,   0.012
201,   0.010
202,   0.009
203,   0.023
204,   0.033
205,   0.035
206,   0.019
207,   0.015
208,   0.032
209,   0.011
210,   0.011
211,   0.011
212,   0.004
213,  -0.013
214,  -0.020
215,  -0.011
216,  -0.008
217,  -0.013
218,  -0.007
219,  -0.002
220,  -0.001
221,   0.024
222,   0.022
223,  -0.015
224,  -0.007
225,  -0.010
226,   0.000
227,   0.005
228,   0.004
229,  -0.001
Date,Sample Name,VialNo,Meas Mode,Peak Scale,Inj#,Max Inj#,Inj. Counts,Ave. Conc,Unit,Ave. Area,SD(Conc),CV(Conc),SD(Area),CV(Area)
2022/9/30 19:43:31,4               ,52,TC,200,2,3,2,-0.042956,mg/L,0.555900,0.022612,52.640621,0.046200,8.318903
Injection #,Start ID,End ID,Data Counts,Conc,Area,Remark,Inj. Vol.,Dil. Factor,Ex.,Cal#
1,0,114,115,-0.058945,0.523200,,50,1.000000,,TC3
2,115,229,115,-0.026967,0.588600,,50,1.000000,,TC3
ID,Peak Data
0,   0.010
1,  -0.017
2,   0.011
3,   0.010
4,   0.033
5,   0.035
6,   0.005
7,   0.007
8,   0.023
9,   0.035
10,   0.041
11,   0.037
12,   0.039
13,   0.044
14,   0.029
15,   0.023
16,   0.026
17,   0.023
18,   0.020
19,   0.049
20,   0.052
21,   0.067
22,   0.074
23,   0.113
24,   0.164
25,   0.193
26,   0.230
27,   0.271
28,   0.291
29,   0.347
30,   0.362
31,   0.366
32,   0.381
33,   0.349
34,   0.333
35,   0.334
36,   0.308
37,   0.257
38,   0.234
39,   0.200
40,   0.184
41,   0.158
42,   0.120
43,   0.114
44,   0.114
45,   0.098
46,   0.067
47,   0.077
48,   0.085
49,   0.066
50,   0.055
51,   0.049
52,   0.052
53,   0.043
54,   0.035
55,   0.032
56,   0.018
57,   0.042
58,   0.055
59,   0.060
60,   0.016
61,   0.008
62,   0.013
63,   0.006
64,   0.006
65,   0.014
66,   0.018
67,   0.027
68,   0.011
69,   0.018
70,   0.004
71,   0.010
72,   0.016
73,   0.021
74,   0.019
75,   0.010
76,   0.004
77,   0.015
78,   0.014
79,   0.025
80,   0.009
81,   0.008
82,   0.015
83,   0.008
84,   0.003
85,  -0.007
86,   0.008
87,   0.007
88,   0.003
89,   0.010
90,  -0.010
91,   0.007
92,   0.029
93,   0.013
94,   0.000
95,   0.001
96,   0.023
97,   0.008
98,  -0.015
99,  -0.005
100,   0.017
101,   0.020
102,   0.015
103,   0.026
104,   0.028
105,   0.021
106,   0.012
107,   0.019
108,   0.017
109,   0.014
110,   0.007
111,   0.005
112,  -0.013
113,  -0.014
114,  -0.023
115,   0.017
116,   0.019
117,   0.011
118,   0.005
119,   0.027
120,   0.023
121,   0.024
122,   0.019
123,   0.011
124,   0.003
125,  -0.005
126,   0.021
127,   0.013
128,   0.021
129,   0.026
130,   0.007
131,   0.032
132,   0.036
133,   0.039
134,   0.042
135,   0.054
136,   0.086
137,   0.132
138,   0.181
139,   0.236
140,   0.250
141,   0.300
142,   0.327
143,   0.343
144,   0.377
145,   0.400
146,   0.371
147,   0.385
148,   0.365
149,   0.355
150,   0.343
151,   0.308
152,   0.287
153,   0.272
154,   0.242
155,   0.222
156,   0.210
157,   0.162
158,   0.158
159,   0.116
160,   0.097
161,   0.103
162,   0.099
163,   0.099
164,   0.098
165,   0.095
166,   0.076
167,   0.044
168,   0.061
169,   0.031
170,   0.055
171,   0.053
172,   0.049
173,   0.042
174,   0.040
175,   0.044
176,   0.044
177,   0.036
178,   0.048
179,   0.061
180,   0.044
181,   0.051
182,   0.050
183,   0.034
184,   0.035
185,   0.033
186,   0.042
187,   0.021
188,   0.016
189,   0.008
190,   0.006
191,   0.020
192,   0.013
193,   0.013
194,   0.021
195,   0.027
196,   0.016
197,  -0.004
198,   0.024
199,   0.022
200,   0.030
201,   0.008
202,  -0.001
203,  -0.011
204,   0.013
205,   0.021
206,   0.009
207,   0.014
208,   0.029
209,   0.027
210,   0.014
211,   0.016
212,   0.016
213,   0.018
214,   0.006
215,  -0.004
216,  -0.010
217,   0.007
218,   0.012
219,   0.023
220,   0.005
221,   0.012
222,   0.016
223,   0.039
224,   0.033
225,   0.030
226,   0.029
227,   0.007
228,   0.013
229,  -0.005
Date,Sample Name,VialNo,Meas Mode,Peak Scale,Inj#,Max Inj#,Inj. Counts,Ave. Conc,Unit,Ave. Area,SD(Conc),CV(Conc),SD(Area),CV(Area),TOC（TC-IC)
2022/9/30 19:43:31,4               ,52,IC,200,2,3,2,5.146459,mg/L,8.399500,0.009258,0.179893,0.026100,0.311482,-5.189415
Injection #,Start ID,End ID,Data Counts,Conc,Area,Remark,Inj. Vol.,Dil. Factor,Ex.,Cal#
1,0,114,115,5.153006,8.418000,,50,1.000000,,IC1
2,115,229,115,5.139913,8.381000,,50,1.000000,,IC1
ID,Peak Data
0,   0.005
1,  -0.007
2,  -0.003
3,   0.025
4,   0.026
5,   0.026
6,   0.018
7,   0.013
8,   0.018
9,   0.021
10,   0.003
11,   0.004
12,   0.029
13,   0.119
14,   0.352
15,   0.809
16,   1.501
17,   2.434
18,   3.554
19,   4.726
20,   5.810
21,   6.666
22,   7.215
23,   7.454
24,   7.449
25,   7.250
26,   6.781
27,   6.033
28,   5.143
29,   4.248
30,   3.380
31,   2.638
32,   1.999
33,   1.494
34,   1.123
35,   0.825
36,   0.633
37,   0.481
38,   0.370
39,   0.273
40,   0.243
41,   0.184
42,   0.136
43,   0.117
44,   0.103
45,   0.090
46,   0.083
47,   0.082
48,   0.086
49,   0.082
50,   0.075
51,   0.077
52,   0.055
53,   0.067
54,   0.071
55,   0.061
56,   0.046
57,   0.050
58,   0.038
59,   0.042
60,   0.017
61,   0.018
62,   0.023
63,   0.036
64,   0.042
65,   0.032
66,   0.032
67,   0.018
68,   0.033
69,   0.032
70,   0.035
71,   0.030
72,   0.028
73,   0.044
74,   0.052
75,   0.046
76,   0.004
77,   0.007
78,   0.017
79,   0.019
80,   0.030
81,   0.041
82,   0.050
83,   0.039
84,   0.048
85,   0.035
86,   0.031
87,   0.039
88,   0.029
89,   0.020
90,   0.036
91,   0.049
92,   0.051
93,   0.017
94,   0.012
95,   0.011
96,   0.023
97,   0.030
98,   0.013
99,   0.007
100,   0.010
101,   0.020
102,   0.018
103,   0.020
104,   0.004
105,  -0.001
106,   0.016
107,  -0.002
108,  -0.010
109,  -0.002
110,  -0.005
111,   0.015
112,  -0.004
113,  -0.014
114,  -0.001
115,   0.030
116,   0.023
117,   0.009
118,  -0.001
119,   0.004
120,   0.004
121,   0.003
122,  -0.011
123,  -0.004
124,  -0.003
125,   0.001
126,   0.010
127,   0.057
128,   0.136
129,   0.417
130,   0.917
131,   1.659
132,   2.626
133,   3.732
134,   4.879
135,   5.903
136,   6.716
137,   7.212
138,   7.368
139,   7.362
140,   7.081
141,   6.550
142,   5.799
143,   4.922
144,   4.013
145,   3.181
146,   2.483
147,   1.860
148,   1.376
149,   1.026
150,   0.767
151,   0.541
152,   0.411
153,   0.318
154,   0.244
155,   0.204
156,   0.149
157,   0.157
158,   0.153
159,   0.106
160,   0.108
161,   0.077
162,   0.078
163,   0.072
164,   0.073
165,   0.057
166,   0.063
167,   0.029
168,   0.030
169,   0.033
170,   0.019
171,   0.050
172,   0.037
173,   0.046
174,   0.050
175,   0.024
176,   0.027
177,   0.037
178,   0.032
179,   0.023
180,  -0.012
181,   0.015
182,   0.015
183,  -0.008
184,  -0.004
185,   0.003
186,   0.003
187,  -0.018
188,  -0.025
189,  -0.017
190,  -0.013
191,  -0.007
192,  -0.005
193,   0.017
194,  -0.004
195,  -0.011
196,   0.008
197,  -0.001
198,  -0.013
199,  -0.011
200,   0.004
201,   0.006
202,   0.001
203,   0.008
204,   0.011
205,   0.004
206,   0.008
207,   0.013
208,  -0.013
209,  -0.017
210,  -0.010
211,  -0.007
212,  -0.010
213,  -0.008
214,  -0.014
215,  -0.010
216,  -0.013
217,   0.004
218,   0.010
219,   0.012
220,  -0.005
221,   0.008
222,   0.005
223,  -0.023
224,  -0.004
225,  -0.008
226,  -0.013
227,  -0.004
228,  -0.027
229,  -0.030
Date,Sample Name,VialNo,Meas Mode,Peak Scale,Inj#,Max Inj#,Inj. Counts,Ave. Conc,Unit,Ave. Area,SD(Conc),CV(Conc),SD(Area),CV(Area)
2022/9/30 20:1:20,4               ,53,TC,200,2,3,2,-0.053029,mg/L,0.535300,0.002213,4.172875,0.004500,0.845411
Injection #,Start ID,End ID,Data Counts,Conc,Area,Remark,Inj. Vol.,Dil. Factor,Ex.,Cal#
1,0,114,115,-0.054593,0.532100,,50,1.000000,,TC3
2,115,229,115,-0.051464,0.538500,,50,1.000000,,TC3
ID,Peak Data
0,   0.007
1,   0.021
2,   0.007
3,  -0.014
4,  -0.008
5,   0.008
6,  -0.001
7,  -0.023
8,  -0.008
9,   0.011
10,   0.009
11,   0.005
12,  -0.002
13,   0.018
14,   0.024
15,   0.010
16,   0.004
17,  -0.008
18,   0.002
19,   0.015
20,   0.017
21,   0.052
22,   0.060
23,   0.112
24,   0.174
25,   0.204
26,   0.229
27,   0.272
28,   0.299
29,   0.331
30,   0.350
31,   0.347
32,   0.335
33,   0.345
34,   0.343
35,   0.325
36,   0.311
37,   0.248
38,   0.252
39,   0.241
40,   0.188
41,   0.143
42,   0.137
43,   0.129
44,   0.129
45,   0.074
46,   0.074
47,   0.054
48,   0.051
49,   0.040
50,   0.046
51,   0.058
52,   0.048
53,   0.042
54,   0.040
55,   0.042
56,   0.055
57,   0.045
58,   0.046
59,   0.038
60,   0.015
61,   0.006
62,   0.012
63,   0.008
64,   0.016
65,  -0.002
66,   0.027
67,   0.026
68,   0.014
69,   0.020
70,   0.024
71,   0.010
72,   0.007
73,   0.011
74,   0.025
75,   0.021
76,  -0.001
77,  -0.005
78,  -0.005
79,   0.005
80,   0.030
81,   0.029
82,   0.009
83,  -0.009
84,   0.006
85,  -0.008
86,   0.019
87,   0.018
88,   0.009
89,   0.010
90,   0.007
91,   0.036
92,   0.029
93,   0.002
94,   0.016
95,   0.010
96,   0.020
97,   0.012
98,   0.029
99,   0.025
100,   0.013
101,   0.029
102,   0.018
103,   0.005
104,   0.012
105,   0.005
106,   0.008
107,   0.004
108,   0.024
109,   0.032
110,   0.015
111,   0.016
112,   0.035
113,   0.011
114,   0.020
115,   0.008
116,  -0.002
117,   0.004
118,   0.008
119,   0.001
120,   0.014
121,   0.000
122,  -0.014
123,  -0.020
124,  -0.018
125,  -0.007
126,   0.001
127,  -0.011
128,  -0.001
129,   0.004
130,   0.030
131,   0.004
132,   0.009
133,   0.003
134,   0.010
135,   0.027
136,   0.076
137,   0.101
138,   0.146
139,   0.146
140,   0.219
141,   0.250
142,   0.281
143,   0.307
144,   0.311
145,   0.347
146,   0.350
147,   0.349
148,   0.335
149,   0.329
150,   0.291
151,   0.266
152,   0.236
153,   0.198
154,   0.202
155,   0.181
156,   0.165
157,   0.141
158,   0.101
159,   0.113
160,   0.092
161,   0.076
162,   0.083
163,   0.059
164,   0.032
165,   0.030
166,   0.037
167,   0.042
168,   0.033
169,   0.020
170,   0.007
171,   0.028
172,   0.002
173,   0.008
174,   0.017
175,   0.019
176,   0.005
177,   0.001
178,   0.032
179,   0.045
180,   0.013
181,   0.005
182,   0.001
183,  -0.014
184,  -0.024
185,  -0.022
186,  -0.031
187,  -0.029
188,  -0.018
189,  -0.021
190,  -0.011
191,  -0.008
192,  -0.033
193,  -0.004
194,   0.009
195,  -0.002
196,  -0.013
197,  -0.034
198,  -0.039
199,  -0.035
200,  -0.046
201,  -0.015
202,  -0.007
203,  -0.046
204,  -0.014
205,  -0.037
206,  -0.038
207,  -0.044
208,  -0.045
209,  -0.027
210,  -0.029
211,  -0.042
212,  -0.028
213,  -0.021
214,  -0.020
215,  -0.035
216,  -0.044
217,  -0.045
218,  -0.045
219,  -0.030
220,  -0.029
221,  -0.008
222,  -0.021
223,  -0.030
224,  -0.025
225,  -0.031
226,  -0.026
227,  -0.004
228,  -0.013
229,  -0.032
Date,Sample Name,VialNo,Meas Mode,Peak Scale,Inj#,Max Inj#,Inj. Counts,Ave. Conc,Unit,Ave. Area,SD(Conc),CV(Conc),SD(Area),CV(Area),TOC（TC-IC)
2022/9/30 20:1:20,4               ,53,IC,200,3,3,3,5.149821,mg/L,8.409000,0.013512,0.262377,0.038100,0.454082,-5.202849
Injection #,Start ID,End ID,Data Counts,Conc,Area,Remark,Inj. Vol.,Dil. Factor,Ex.,Cal#
1,0,114,115,5.281816,8.782000,,50,1.000000,E,IC1
2,115,229,115,5.140266,8.382000,,50,1.000000,,IC1
3,230,344,115,5.159375,8.436000,,50,1.000000,,IC1
ID,Peak Data
0,   0.013
1,   0.024
2,   0.046
3,   0.047
4,   0.038
5,   0.036
6,   0.026
7,  -0.013
8,  -0.010
9,  -0.009
10,   0.001
11,   0.002
12,   0.027
13,   0.175
14,   0.424
15,   0.892
16,   1.658
17,   2.670
18,   3.812
19,   4.991
20,   6.087
21,   6.952
22,   7.516
23,   7.697
24,   7.694
25,   7.451
26,   6.918
27,   6.130
28,   5.189
29,   4.270
30,   3.407
31,   2.635
32,   2.000
33,   1.504
34,   1.124
35,   0.838
36,   0.641
37,   0.479
38,   0.398
39,   0.308
40,   0.251
41,   0.216
42,   0.180
43,   0.167
44,   0.142
45,   0.126
46,   0.126
47,   0.108
48,   0.116
49,   0.120
50,   0.129
51,   0.110
52,   0.111
53,   0.116
54,   0.091
55,   0.072
56,   0.076
57,   0.082
58,   0.093
59,   0.080
60,   0.082
61,   0.081
62,   0.095
63,   0.097
64,   0.091
65,   0.096
66,   0.097
67,   0.111
68,   0.101
69,   0.092
70,   0.087
71,   0.070
72,   0.072
73,   0.081
74,   0.079
75,   0.058
76,   0.070
77,   0.079
78,   0.071
79,   0.073
80,   0.061
81,   0.097
82,   0.080
83,   0.082
84,   0.088
85,   0.090
86,   0.091
87,   0.077
88,   0.063
89,   0.066
90,   0.076
91,   0.088
92,   0.086
93,   0.072
94,   0.060
95,   0.066
96,   0.068
97,   0.065
98,   0.089
99,   0.106
100,   0.089
101,   0.063
102,   0.061
103,   0.077
104,   0.080
105,   0.068
106,   0.080
107,   0.082
108,   0.074
109,   0.093
110,   0.093
111,   0.083
112,   0.070
113,   0.074
114,   0.075
115,   0.020
116,   0.018
117,   0.000
118,   0.022
119,   0.030
120,   0.013
121,   0.001
122,   0.018
123,   0.032
124,   0.028
125,   0.015
126,   0.008
127,   0.023
128,   0.115
129,   0.325
130,   0.743
131,   1.418
132,   2.338
133,   3.431
134,   4.597
135,   5.681
136,   6.600
137,   7.214
138,   7.476
139,   7.488
140,   7.373
141,   6.908
142,   6.188
143,   5.302
144,   4.409
145,   3.504
146,   2.725
147,   2.090
148,   1.562
149,   1.153
150,   0.874
151,   0.628
152,   0.485
153,   0.383
154,   0.315
155,   0.246
156,   0.189
157,   0.175
158,   0.175
159,   0.129
160,   0.134
161,   0.127
162,   0.114
163,   0.111
164,   0.083
165,   0.082
166,   0.083
167,   0.075
168,   0.071
169,   0.069
170,   0.060
171,   0.061
172,   0.066
173,   0.056
174,   0.063
175,   0.045
176,   0.028
177,   0.049
178,   0.047
179,   0.032
180,   0.067
181,   0.060
182,   0.048
183,   0.052
184,   0.041
185,   0.025
186,   0.016
187,   0.004
188,   0.032
189,   0.021
190,   0.021
191,   0.030
192,   0.020
193,  -0.005
194,   0.024
195,   0.014
196,   0.008
197,   0.012
198,   0.003
199,   0.033
200,   0.035
201,   0.044
202,   0.044
203,   0.025
204,   0.021
205,   0.039
206,   0.037
207,   0.039
208,   0.038
209,   0.010
210,  -0.001
211,   0.026
212,   0.033
213,   0.008
214,   0.011
215,   0.012
216,   0.003
217,  -0.004
218,   0.031
219,   0.039
220,  -0.025
221,  -0.033
222,  -0.029
223,  -0.017
224,   0.007
225,   0.018
226,   0.006
227,   0.007
228,   0.008
229,   0.009
230,   0.030
231,   0.038
232,   0.017
233,   0.029
234,   0.024
235,   0.029
236,   0.024
237,   0.021
238,   0.033
239,   0.020
240,   0.023
241,   0.021
242,   0.065
243,   0.159
244,   0.412
245,   0.891
246,   1.611
247,   2.573
248,   3.669
249,   4.817
250,   5.879
251,   6.731
252,   7.262
253,   7.458
254,   7.461
255,   7.257
256,   6.728
257,   5.992
258,   5.127
259,   4.212
260,   3.355
261,   2.589
262,   1.981
263,   1.488
264,   1.115
265,   0.828
266,   0.615
267,   0.475
268,   0.370
269,   0.271
270,   0.227
271,   0.194
272,   0.160
273,   0.145
274,   0.135
275,   0.132
276,   0.118
277,   0.107
278,   0.107
279,   0.088
280,   0.078
281,   0.082
282,   0.080
283,   0.056
284,   0.060
285,   0.052
286,   0.071
287,   0.073
288,   0.073
289,   0.073
290,   0.066
291,   0.074
292,   0.063
293,   0.070
294,   0.077
295,   0.076
296,   0.064
297,   0.067
298,   0.048
299,   0.069
300,   0.049
301,   0.045
302,   0.042
303,   0.033
304,   0.046
305,   0.036
306,   0.050
307,   0.039
308,   0.055
309,   0.047
310,   0.026
311,   0.044
312,   0.051
313,   0.036
314,   0.049
315,   0.035
316,   0.029
317,   0.026
318,   0.032
319,   0.030
320,   0.044
321,   0.030
322,   0.023
323,   0.024
324,   0.016
325,   0.029
326,   0.021
327,   0.029
328,   0.035
329,   0.050
330,   0.033
331,   0.044
332,   0.048
333,   0.041
334,   0.048
335,   0.048
336,   0.039
337,   0.026
338,   0.022
339,   0.011
340,   0.017
341,   0.018
342,   0.017
343,   0.002
344,   0.005
Date,Sample Name,VialNo,Meas Mode,Peak Scale,Inj#,Max Inj#,Inj. Counts,Ave. Conc,Unit,Ave. Area,SD(Conc),CV(Conc),SD(Area),CV(Area)
2022/9/30 20:15:55,4               ,54,TC,200,2,3,2,-0.040438,mg/L,0.561000,0.036892,91.231308,0.075400,13.447695
Injection #,Start ID,End ID,Data Counts,Conc,Area,Remark,Inj. Vol.,Dil. Factor,Ex.,Cal#
1,0,114,115,-0.014351,0.614400,,50,1.000000,,TC3
2,115,229,115,-0.066524,0.507700,,50,1.000000,,TC3
ID,Peak Data
0,  -0.005
1,  -0.005
2,  -0.011
3,  -0.009
4,  -0.010
5,  -0.014
6,  -0.013
7,   0.005
8,  -0.011
9,  -0.027
10,  -0.025
11,  -0.024
12,  -0.035
13,  -0.030
14,  -0.044
15,  -0.026
16,  -0.029
17,  -0.038
18,  -0.032
19,  -0.007
20,   0.003
21,   0.052
22,   0.079
23,   0.113
24,   0.143
25,   0.178
26,   0.225
27,   0.258
28,   0.294
29,   0.319
30,   0.344
31,   0.336
32,   0.324
33,   0.335
34,   0.304
35,   0.299
36,   0.269
37,   0.257
38,   0.217
39,   0.187
40,   0.145
41,   0.126
42,   0.091
43,   0.069
44,   0.064
45,   0.046
46,   0.023
47,   0.018
48,   0.009
49,  -0.014
50,  -0.015
51,  -0.011
52,  -0.001
53,  -0.011
54,  -0.009
55,  -0.020
56,  -0.030
57,  -0.039
58,  -0.013
59,  -0.007
60,  -0.004
61,  -0.018
62,  -0.010
63,  -0.004
64,  -0.023
65,  -0.024
66,  -0.041
67,  -0.046
68,  -0.046
69,  -0.033
70,  -0.042
71,  -0.058
72,  -0.044
73,  -0.038
74,  -0.035
75,  -0.032
76,  -0.029
77,  -0.032
78,  -0.047
79,  -0.054
80,  -0.052
81,  -0.051
82,  -0.041
83,  -0.046
84,  -0.033
85,  -0.035
86,  -0.048
87,  -0.047
88,  -0.051
89,  -0.043
90,  -0.055
91,  -0.052
92,  -0.049
93,  -0.042
94,  -0.056
95,  -0.060
96,  -0.046
97,  -0.040
98,  -0.041
99,  -0.035
100,  -0.040
101,  -0.058
102,  -0.052
103,  -0.048
104,  -0.053
105,  -0.052
106,  -0.052
107,  -0.037
108,  -0.038
109,  -0.044
110,  -0.048
111,  -0.041
112,  -0.046
113,  -0.048
114,  -0.040
115,   0.026
116,   0.007
117,   0.015
118,   0.007
119,   0.024
120,   0.026
121,   0.037
122,   0.033
123,   0.024
124,   0.030
125,   0.021
126,   0.050
127,   0.053
128,   0.051
129,   0.051
130,   0.052
131,   0.046
132,   0.055
133,   0.045
134,   0.050
135,   0.066
136,   0.086
137,   0.112
138,   0.156
139,   0.184
140,   0.227
141,   0.263
142,   0.291
143,   0.305
144,   0.344
145,   0.361
146,   0.370
147,   0.363
148,   0.356
149,   0.344
150,   0.287
151,   0.279
152,   0.253
153,   0.241
154,   0.225
155,   0.203
156,   0.159
157,   0.139
158,   0.116
159,   0.116
160,   0.115
161,   0.101
162,   0.100
163,   0.093
164,   0.082
165,   0.071
166,   0.059
167,   0.063
168,   0.060
169,   0.049
170,   0.035
171,   0.036
172,   0.033
173,   0.026
174,   0.020
175,   0.021
176,   0.017
177,   0.032
178,   0.042
179,   0.030
180,   0.038
181,   0.029
182,   0.042
183,   0.049
184,   0.036
185,   0.036
186,   0.030
187,   0.022
188,   0.018
189,   0.011
190,   0.015
191,   0.014
192,   0.029
193,   0.023
194,   0.039
195,   0.039
196,   0.032
197,   0.025
198,   0.036
199,   0.038
200,   0.017
201,   0.029
202,   0.049
203,   0.034
204,   0.021
205,  -0.005
206,   0.008
207,   0.005
208,   0.011
209,   0.003
210,   0.008
211,   0.011
212,   0.030
213,   0.030
214,   0.030
215,   0.015
216,   0.023
217,   0.025
218,   0.041
219,   0.022
220,   0.005
221,   0.006
222,   0.014
223,   0.021
224,   0.030
225,   0.031
226,   0.007
227,  -0.008
228,   0.002
229,   0.004
Date,Sample Name,VialNo,Meas Mode,Peak Scale,Inj#,Max Inj#,Inj. Counts,Ave. Conc,Unit,Ave. Area,SD(Conc),CV(Conc),SD(Area),CV(Area),TOC（TC-IC)
2022/9/30 20:15:55,4               ,54,IC,200,2,3,2,5.163622,mg/L,8.448000,0.001001,0.019380,0.002800,0.033480,-5.204060
Injection #,Start ID,End ID,Data Counts,Conc,Area,Remark,Inj. Vol.,Dil. Factor,Ex.,Cal#
1,0,114,115,5.164330,8.450000,,50,1.000000,,IC1
2,115,229,115,5.162914,8.446000,,50,1.000000,,IC1
ID,Peak Data
0,   0.020
1,   0.026
2,   0.020
3,   0.017
4,   0.017
5,   0.017
6,   0.005
7,   0.022
8,   0.021
9,   0.022
10,   0.023
11,   0.022
12,   0.030
13,   0.148
14,   0.409
15,   0.909
16,   1.668
17,   2.652
18,   3.748
19,   4.897
20,   5.959
21,   6.832
22,   7.365
23,   7.595
24,   7.586
25,   7.380
26,   6.833
27,   6.068
28,   5.179
29,   4.259
30,   3.399
31,   2.630
32,   2.010
33,   1.480
34,   1.127
35,   0.818
36,   0.640
37,   0.500
38,   0.367
39,   0.288
40,   0.254
41,   0.197
42,   0.165
43,   0.114
44,   0.110
45,   0.107
46,   0.101
47,   0.098
48,   0.089
49,   0.069
50,   0.067
51,   0.075
52,   0.083
53,   0.073
54,   0.049
55,   0.054
56,   0.054
57,   0.040
58,   0.052
59,   0.064
60,   0.052
61,   0.035
62,   0.042
63,   0.042
64,   0.042
65,   0.015
66,   0.012
67,   0.007
68,   0.007
69,   0.016
70,   0.013
71,   0.021
72,   0.029
73,   0.019
74,   0.029
75,   0.022
76,   0.032
77,   0.032
78,   0.026
79,   0.047
80,   0.039
81,   0.026
82,   0.017
83,   0.030
84,   0.020
85,   0.017
86,   0.029
87,   0.015
88,   0.010
89,   0.015
90,   0.002
91,   0.007
92,   0.003
93,   0.019
94,   0.013
95,   0.003
96,   0.010
97,   0.007
98,   0.003
99,   0.010
100,   0.010
101,   0.018
102,   0.036
103,   0.027
104,   0.007
105,   0.013
106,   0.017
107,   0.027
108,   0.021
109,   0.015
110,   0.005
111,  -0.010
112,   0.002
113,   0.007
114,   0.017
115,   0.008
116,   0.050
117,   0.041
118,   0.045
119,   0.043
120,   0.033
121,   0.042
122,   0.041
123,   0.041
124,   0.027
125,   0.029
126,   0.036
127,   0.061
128,   0.212
129,   0.514
130,   1.034
131,   1.835
132,   2.860
133,   3.973
134,   5.108
135,   6.143
136,   6.925
137,   7.376
138,   7.495
139,   7.472
140,   7.177
141,   6.595
142,   5.817
143,   4.898
144,   3.983
145,   3.164
146,   2.432
147,   1.839
148,   1.369
149,   1.012
150,   0.753
151,   0.570
152,   0.430
153,   0.352
154,   0.265
155,   0.219
156,   0.212
157,   0.156
158,   0.141
159,   0.117
160,   0.131
161,   0.128
162,   0.120
163,   0.113
164,   0.081
165,   0.073
166,   0.078
167,   0.082
168,   0.081
169,   0.076
170,   0.089
171,   0.085
172,   0.082
173,   0.076
174,   0.075
175,   0.076
176,   0.071
177,   0.063
178,   0.055
179,   0.060
180,   0.064
181,   0.062
182,   0.057
183,   0.076
184,   0.070
185,   0.087
186,   0.061
187,   0.070
188,   0.066
189,   0.060
190,   0.036
191,   0.051
192,   0.046
193,   0.057
194,   0.057
195,   0.052
196,   0.050
197,   0.057
198,   0.042
199,   0.036
200,   0.026
201,   0.023
202,   0.026
203,   0.032
204,   0.036
205,   0.023
206,   0.030
207,   0.044
208,   0.039
209,   0.056
210,   0.060
211,   0.046
212,   0.033
213,   0.027
214,   0.038
215,   0.046
216,   0.043
217,   0.044
218,   0.032
219,   0.029
220,   0.020
221,   0.043
222,   0.038
223,   0.057
224,   0.049
225,   0.035
226,   0.037
227,   0.049
228,   0.060
229,   0.041
Date,Sample Name,VialNo,Meas Mode,Peak Scale,Inj#,Max Inj#,Inj. Counts,Ave. Conc,Unit,Ave. Area,SD(Conc),CV(Conc),SD(Area),CV(Area)
2022/9/30 20:33:46,4               ,55,TC,200,2,3,2,-0.053322,mg/L,0.534700,0.002697,5.057706,0.005500,1.031500
Injection #,Start ID,End ID,Data Counts,Conc,Area,Remark,Inj. Vol.,Dil. Factor,Ex.,Cal#
1,0,114,115,-0.051415,0.538600,,50,1.000000,,TC3
2,115,229,115,-0.055229,0.530800,,50,1.000000,,TC3
ID,Peak Data
0,   0.009
1,   0.001
2,   0.007
3,   0.008
4,   0.011
5,   0.014
6,   0.008
7,   0.017
8,   0.033
9,   0.026
10,   0.033
11,   0.039
12,   0.031
13,   0.017
14,   0.014
15,   0.014
16,   0.015
17,   0.017
18,   0.020
19,   0.023
20,   0.030
21,   0.051
22,   0.087
23,   0.097
24,   0.134
25,   0.179
26,   0.235
27,   0.271
28,   0.320
29,   0.347
30,   0.343
31,   0.380
32,   0.385
33,   0.383
34,   0.361
35,   0.337
36,   0.308
37,   0.275
38,   0.255
39,   0.225
40,   0.225
41,   0.193
42,   0.167
43,   0.156
44,   0.116
45,   0.094
46,   0.091
47,   0.076
48,   0.076
49,   0.066
50,   0.052
51,   0.067
52,   0.041
53,   0.063
54,   0.050
55,   0.045
56,   0.041
57,   0.032
58,   0.044
59,   0.046
60,   0.021
61,   0.016
62,   0.012
63,   0.021
64,  -0.003
65,   0.017
66,   0.034
67,   0.043
68,   0.023
69,   0.010
70,   0.027
71,   0.030
72,   0.034
73,   0.033
74,   0.029
75,   0.015
76,   0.002
77,   0.011
78,   0.010
79,  -0.004
80,  -0.026
81,  -0.010
82,  -0.022
83,  -0.015
84,  -0.010
85,  -0.017
86,  -0.007
87,  -0.018
88,  -0.036
89,  -0.031
90,  -0.021
91,  -0.026
92,  -0.020
93,  -0.015
94,   0.000
95,  -0.020
96,  -0.011
97,  -0.019
98,   0.004
99,   0.018
100,   0.000
101,  -0.032
102,  -0.022
103,  -0.014
104,  -0.020
105,  -0.021
106,  -0.021
107,  -0.011
108,  -0.021
109,  -0.021
110,  -0.038
111,  -0.021
112,  -0.010
113,  -0.002
114,   0.004
115,  -0.002
116,  -0.011
117,  -0.007
118,  -0.002
119,  -0.001
120,  -0.002
121,  -0.013
122,  -0.028
123,  -0.020
124,  -0.013
125,   0.005
126,   0.017
127,   0.008
128,   0.004
129,   0.006
130,   0.003
131,   0.010
132,   0.023
133,   0.016
134,   0.033
135,   0.041
136,   0.086
137,   0.103
138,   0.128
139,   0.178
140,   0.190
141,   0.250
142,   0.267
143,   0.290
144,   0.303
145,   0.344
146,   0.344
147,   0.352
148,   0.336
149,   0.312
150,   0.289
151,   0.259
152,   0.246
153,   0.220
154,   0.179
155,   0.168
156,   0.143
157,   0.106
158,   0.098
159,   0.092
160,   0.075
161,   0.053
162,   0.060
163,   0.060
164,   0.034
165,   0.032
166,   0.042
167,   0.039
168,   0.026
169,   0.029
170,   0.039
171,   0.042
172,   0.042
173,   0.030
174,   0.017
175,   0.024
176,   0.010
177,   0.012
178,   0.013
179,   0.008
180,  -0.005
181,   0.002
182,   0.010
183,   0.026
184,   0.010
185,   0.002
186,   0.020
187,   0.000
188,   0.017
189,   0.002
190,   0.009
191,   0.000
192,   0.017
193,   0.004
194,   0.003
195,   0.002
196,   0.012
197,   0.010
198,   0.011
199,   0.013
200,   0.001
201,   0.001
202,  -0.013
203,  -0.011
204,  -0.013
205,   0.000
206,  -0.004
207,   0.001
208,  -0.005
209,   0.000
210,  -0.010
211,  -0.008
212,   0.007
213,  -0.011
214,  -0.029
215,  -0.013
216,  -0.015
217,  -0.016
218,  -0.011
219,  -0.011
220,  -0.011
221,   0.000
222,  -0.001
223,  -0.014
224,  -0.019
225,  -0.008
226,  -0.013
227,  -0.002
228,   0.020
229,  -0.008
Date,Sample Name,VialNo,Meas Mode,Peak Scale,Inj#,Max Inj#,Inj. Counts,Ave. Conc,Unit,Ave. Area,SD(Conc),CV(Conc),SD(Area),CV(Area),TOC（TC-IC)
2022/9/30 20:33:46,4               ,55,IC,200,3,3,3,5.188570,mg/L,8.518500,0.002252,0.043403,0.006300,0.074708,-5.241892
Injection #,Start ID,End ID,Data Counts,Conc,Area,Remark,Inj. Vol.,Dil. Factor,Ex.,Cal#
1,0,116,117,5.347636,8.968000,,50,1.000000,E,IC1
2,117,231,115,5.186977,8.514000,,50,1.000000,,IC1
3,232,346,115,5.190162,8.523000,,50,1.000000,,IC1
ID,Peak Data
0,   0.004
1,   0.018
2,  -0.002
3,  -0.001
4,  -0.032
5,  -0.026
6,  -0.017
7,  -0.020
8,  -0.033
9,  -0.026
10,  -0.022
11,  -0.038
12,  -0.004
13,   0.126
14,   0.393
15,   0.871
16,   1.642
17,   2.659
18,   3.802
19,   4.999
20,   6.103
21,   6.943
22,   7.499
23,   7.677
24,   7.685
25,   7.448
26,   6.889
27,   6.093
28,   5.236
29,   4.271
30,   3.370
31,   2.592
32,   1.954
33,   1.454
34,   1.051
35,   0.789
36,   0.569
37,   0.434
38,   0.305
39,   0.229
40,   0.188
41,   0.152
42,   0.119
43,   0.110
44,   0.113
45,   0.093
46,   0.080
47,   0.078
48,   0.064
49,   0.067
50,   0.051
51,   0.041
52,   0.060
53,   0.048
54,   0.036
55,   0.033
56,   0.029
57,   0.060
58,   0.044
59,   0.039
60,   0.045
61,   0.021
62,   0.032
63,   0.035
64,   0.039
65,   0.038
66,   0.035
67,   0.027
68,   0.024
69,   0.020
70,   0.015
71,   0.012
72,   0.011
73,   0.023
74,   0.014
75,   0.002
76,   0.003
77,   0.016
78,   0.024
79,   0.043
80,   0.018
81,   0.031
82,   0.029
83,   0.025
84,   0.015
85,   0.014
86,   0.008
87,  -0.017
88,   0.005
89,   0.007
90,   0.009
91,   0.017
92,   0.026
93,   0.035
94,   0.021
95,   0.009
96,   0.023
97,   0.030
98,   0.016
99,   0.014
100,   0.038
101,   0.007
102,   0.006
103,   0.031
104,   0.033
105,   0.023
106,   0.018
107,   0.016
108,   0.018
109,   0.020
110,   0.007
111,   0.002
112,   0.010
113,   0.013
114,   0.006
115,   0.006
116,   0.002
117,  -0.005
118,  -0.012
119,  -0.027
120,  -0.020
121,  -0.015
122,  -0.004
123,  -0.005
124,  -0.011
125,  -0.011
126,   0.001
127,  -0.002
128,  -0.003
129,   0.016
130,   0.161
131,   0.439
132,   0.918
133,   1.689
134,   2.701
135,   3.846
136,   5.001
137,   6.048
138,   6.859
139,   7.317
140,   7.477
141,   7.469
142,   7.250
143,   6.658
144,   5.905
145,   5.003
146,   4.072
147,   3.229
148,   2.493
149,   1.856
150,   1.364
151,   1.016
152,   0.734
153,   0.552
154,   0.383
155,   0.275
156,   0.226
157,   0.161
158,   0.138
159,   0.141
160,   0.134
161,   0.098
162,   0.097
163,   0.080
164,   0.052
165,   0.041
166,   0.029
167,   0.038
168,   0.033
169,   0.040
170,   0.041
171,   0.042
172,   0.030
173,   0.030
174,   0.036
175,   0.030
176,   0.032
177,   0.024
178,   0.020
179,   0.027
180,   0.030
181,   0.024
182,   0.026
183,   0.019
184,   0.011
185,   0.012
186,  -0.007
187,  -0.020
188,   0.017
189,   0.029
190,   0.022
191,   0.023
192,  -0.004
193,   0.002
194,   0.006
195,  -0.005
196,  -0.008
197,   0.003
198,   0.017
199,   0.019
200,   0.008
201,   0.005
202,   0.009
203,   0.011
204,   0.005
205,  -0.002
206,   0.009
207,  -0.022
208,   0.005
209,   0.008
210,   0.013
211,   0.009
212,   0.001
213,  -0.012
214,  -0.009
215,  -0.008
216,  -0.015
217,  -0.017
218,  -0.021
219,  -0.010
220,  -0.016
221,  -0.006
222,   0.002
223,   0.002
224,  -0.001
225,   0.001
226,   0.001
227,  -0.011
228,  -0.002
229,   0.001
230,  -0.017
231,  -0.001
232,   0.014
233,   0.024
234,   0.017
235,   0.025
236,   0.022
237,   0.030
238,   0.035
239,   0.024
240,   0.015
241,   0.022
242,   0.026
243,   0.036
244,   0.070
245,   0.191
246,   0.460
247,   0.964
248,   1.758
249,   2.739
250,   3.858
251,   5.010
252,   6.039
253,   6.847
254,   7.364
255,   7.505
256,   7.499
257,   7.261
258,   6.690
259,   5.925
260,   5.030
261,   4.145
262,   3.285
263,   2.545
264,   1.940
265,   1.434
266,   1.068
267,   0.812
268,   0.623
269,   0.474
270,   0.373
271,   0.273
272,   0.211
273,   0.186
274,   0.184
275,   0.155
276,   0.142
277,   0.129
278,   0.120
279,   0.117
280,   0.115
281,   0.090
282,   0.070
283,   0.093
284,   0.104
285,   0.085
286,   0.075
287,   0.070
288,   0.083
289,   0.064
290,   0.085
291,   0.098
292,   0.103
293,   0.086
294,   0.084
295,   0.078
296,   0.061
297,   0.061
298,   0.060
299,   0.064
300,   0.062
301,   0.062
302,   0.079
303,   0.077
304,   0.072
305,   0.066
306,   0.060
307,   0.064
308,   0.089
309,   0.082
310,   0.060
311,   0.066
312,   0.052
313,   0.054
314,   0.066
315,   0.048
316,   0.047
317,   0.060
318,   0.046
319,   0.045
320,   0.055
321,   0.054
322,   0.050
323,   0.025
324,   0.044
325,   0.048
326,   0.030
327,   0.029
328,   0.004
329,   0.026
330,   0.029
331,   0.026
332,   0.036
333,   0.038
334,   0.030
335,   0.041
336,   0.035
337,   0.044
338,   0.030
339,   0.007
340,   0.019
341,   0.023
342,   0.027
343,   0.026
344,   0.019
345,   0.017
346,   0.027
